query_index,rank,query_track_id,retrieved_track_id,exact_match,score,query_scene,query_mood,query_genre,retrieved_description,retrieved_mood,retrieved_genre
0,1,track_1021915,track_0708464,0,0.5208572745323181,"A short film scene showing two friends sitting in a quiet room after an argument. The scene needs background music that feels emotional. The musical atmosphere should lean toward easylistening, newage. The music should work as emotional underscore without overpowering dialogue. The pacing should feel medium, and the emotional tension is medium.",emotional,easylistening|newage,"mood/theme: commercial, documentary, meditative, summer, travel; genre: atmospheric, chillout, easylistening, jazzfunk, latin, lounge",commercial|documentary|meditative|summer|travel,atmospheric|chillout|easylistening|jazzfunk|latin|lounge
0,2,track_1021915,track_0672770,0,0.4436468482017517,"A short film scene showing two friends sitting in a quiet room after an argument. The scene needs background music that feels emotional. The musical atmosphere should lean toward easylistening, newage. The music should work as emotional underscore without overpowering dialogue. The pacing should feel medium, and the emotional tension is medium.",emotional,easylistening|newage,"mood/theme: love, romantic; genre: ",love|romantic,
0,3,track_1021915,track_1149383,0,0.41843944787979126,"A short film scene showing two friends sitting in a quiet room after an argument. The scene needs background music that feels emotional. The musical atmosphere should lean toward easylistening, newage. The music should work as emotional underscore without overpowering dialogue. The pacing should feel medium, and the emotional tension is medium.",emotional,easylistening|newage,"mood/theme: corporate, documentary; genre: easylistening, instrumentalpop, soundtrack",corporate|documentary,easylistening|instrumentalpop|soundtrack
0,4,track_1021915,track_0770629,0,0.4127393364906311,"A short film scene showing two friends sitting in a quiet room after an argument. The scene needs background music that feels emotional. The musical atmosphere should lean toward easylistening, newage. The music should work as emotional underscore without overpowering dialogue. The pacing should feel medium, and the emotional tension is medium.",emotional,easylistening|newage,"mood/theme: documentary, drama, emotional, soft; genre: choir, newage, soundtrack",documentary|drama|emotional|soft,choir|newage|soundtrack
0,5,track_1021915,track_0121147,0,0.40062403678894043,"A short film scene showing two friends sitting in a quiet room after an argument. The scene needs background music that feels emotional. The musical atmosphere should lean toward easylistening, newage. The music should work as emotional underscore without overpowering dialogue. The pacing should feel medium, and the emotional tension is medium.",emotional,easylistening|newage,"mood/theme: documentary, film; genre: world",documentary|film,world
1,1,track_1298276,track_1188985,0,0.6037347316741943,"A short film scene showing a suspenseful scene where the character feels watched. The scene needs background music that feels dark, dramatic. The musical atmosphere should lean toward classical, orchestral, soundtrack. The music should work as emotional underscore without overpowering dialogue. The pacing should feel medium, and the emotional tension is high.",dark|dramatic,classical|orchestral|soundtrack,"mood/theme: dark, horror; genre: darkambient, orchestral, soundtrack, symphonic",dark|horror,darkambient|orchestral|soundtrack|symphonic
1,2,track_1298276,track_0900242,0,0.5674935579299927,"A short film scene showing a suspenseful scene where the character feels watched. The scene needs background music that feels dark, dramatic. The musical atmosphere should lean toward classical, orchestral, soundtrack. The music should work as emotional underscore without overpowering dialogue. The pacing should feel medium, and the emotional tension is high.",dark|dramatic,classical|orchestral|soundtrack,"mood/theme: adventure, corporate, documentary, drama, nature; genre: classical, orchestral, soundtrack",adventure|corporate|documentary|drama|nature,classical|orchestral|soundtrack
1,3,track_1298276,track_1297805,0,0.5633902549743652,"A short film scene showing a suspenseful scene where the character feels watched. The scene needs background music that feels dark, dramatic. The musical atmosphere should lean toward classical, orchestral, soundtrack. The music should work as emotional underscore without overpowering dialogue. The pacing should feel medium, and the emotional tension is high.",dark|dramatic,classical|orchestral|soundtrack,"mood/theme: background, corporate, happy, motivational; genre: easylistening, orchestral, soundtrack",background|corporate|happy|motivational,easylistening|orchestral|soundtrack
1,4,track_1298276,track_1342579,0,0.5595803260803223,"A short film scene showing a suspenseful scene where the character feels watched. The scene needs background music that feels dark, dramatic. The musical atmosphere should lean toward classical, orchestral, soundtrack. The music should work as emotional underscore without overpowering dialogue. The pacing should feel medium, and the emotional tension is high.",dark|dramatic,classical|orchestral|soundtrack,"mood/theme: dramatic, emotional, romantic, trailer; genre: classical, orchestral, soundtrack",dramatic|emotional|romantic|trailer,classical|orchestral|soundtrack
1,5,track_1298276,track_1023272,0,0.5450291633605957,"A short film scene showing a suspenseful scene where the character feels watched. The scene needs background music that feels dark, dramatic. The musical atmosphere should lean toward classical, orchestral, soundtrack. The music should work as emotional underscore without overpowering dialogue. The pacing should feel medium, and the emotional tension is high.",dark|dramatic,classical|orchestral|soundtrack,"mood/theme: documentary, dramatic; genre: classical, orchestral, soundtrack",documentary|dramatic,classical|orchestral|soundtrack
2,1,track_1287056,track_0672770,0,0.5740500092506409,"A short film scene showing two friends sitting in a quiet room after an argument. The scene needs background music that feels sad. The musical atmosphere should lean toward classical, newage. The music should work as emotional underscore without overpowering dialogue. The pacing should feel slow, and the emotional tension is medium.",sad,classical|newage,"mood/theme: love, romantic; genre: ",love|romantic,
2,2,track_1287056,track_1155158,0,0.5477553009986877,"A short film scene showing two friends sitting in a quiet room after an argument. The scene needs background music that feels sad. The musical atmosphere should lean toward classical, newage. The music should work as emotional underscore without overpowering dialogue. The pacing should feel slow, and the emotional tension is medium.",sad,classical|newage,"mood/theme: documentary, love, romantic, sad; genre: classical",documentary|love|romantic|sad,classical
2,3,track_1287056,track_0708464,0,0.519585132598877,"A short film scene showing two friends sitting in a quiet room after an argument. The scene needs background music that feels sad. The musical atmosphere should lean toward classical, newage. The music should work as emotional underscore without overpowering dialogue. The pacing should feel slow, and the emotional tension is medium.",sad,classical|newage,"mood/theme: commercial, documentary, meditative, summer, travel; genre: atmospheric, chillout, easylistening, jazzfunk, latin, lounge",commercial|documentary|meditative|summer|travel,atmospheric|chillout|easylistening|jazzfunk|latin|lounge
2,4,track_1287056,track_0770629,0,0.4999220371246338,"A short film scene showing two friends sitting in a quiet room after an argument. The scene needs background music that feels sad. The musical atmosphere should lean toward classical, newage. The music should work as emotional underscore without overpowering dialogue. The pacing should feel slow, and the emotional tension is medium.",sad,classical|newage,"mood/theme: documentary, drama, emotional, soft; genre: choir, newage, soundtrack",documentary|drama|emotional|soft,choir|newage|soundtrack
2,5,track_1287056,track_0162035,0,0.4958729147911072,"A short film scene showing two friends sitting in a quiet room after an argument. The scene needs background music that feels sad. The musical atmosphere should lean toward classical, newage. The music should work as emotional underscore without overpowering dialogue. The pacing should feel slow, and the emotional tension is medium.",sad,classical|newage,"mood/theme: drama, emotional, horror, soft; genre: chillout, classical, experimental, folk, pop, soundtrack",drama|emotional|horror|soft,chillout|classical|experimental|folk|pop|soundtrack
3,1,track_0442602,track_1264204,0,0.49100261926651,"A short film scene showing a tense scene before an important decision. The scene needs background music that feels film. The musical atmosphere should lean toward chillout, easylistening, electronic. The music should work as emotional underscore without overpowering dialogue. The pacing should feel medium, and the emotional tension is low.",film,chillout|easylistening|electronic|soundtrack,"mood/theme: movie; genre: breakbeat, chillout, soundtrack",movie,breakbeat|chillout|soundtrack
3,2,track_0442602,track_1177643,0,0.4712020754814148,"A short film scene showing a tense scene before an important decision. The scene needs background music that feels film. The musical atmosphere should lean toward chillout, easylistening, electronic. The music should work as emotional underscore without overpowering dialogue. The pacing should feel medium, and the emotional tension is low.",film,chillout|easylistening|electronic|soundtrack,"mood/theme: movie; genre: chillout, electronic, electropop",movie,chillout|electronic|electropop
3,3,track_0442602,track_0947018,0,0.4669386148452759,"A short film scene showing a tense scene before an important decision. The scene needs background music that feels film. The musical atmosphere should lean toward chillout, easylistening, electronic. The music should work as emotional underscore without overpowering dialogue. The pacing should feel medium, and the emotional tension is low.",film,chillout|easylistening|electronic|soundtrack,"mood/theme: dark, drama, film, movie; genre: classical, soundtrack",dark|drama|film|movie,classical|soundtrack
3,4,track_0442602,track_0244937,0,0.4591381251811981,"A short film scene showing a tense scene before an important decision. The scene needs background music that feels film. The musical atmosphere should lean toward chillout, easylistening, electronic. The music should work as emotional underscore without overpowering dialogue. The pacing should feel medium, and the emotional tension is low.",film,chillout|easylistening|electronic|soundtrack,"mood/theme: action, documentary, emotional; genre: classical, contemporary, electronic, soundtrack",action|documentary|emotional,classical|contemporary|electronic|soundtrack
3,5,track_0442602,track_1350945,0,0.45382362604141235,"A short film scene showing a tense scene before an important decision. The scene needs background music that feels film. The musical atmosphere should lean toward chillout, easylistening, electronic. The music should work as emotional underscore without overpowering dialogue. The pacing should feel medium, and the emotional tension is low.",film,chillout|easylistening|electronic|soundtrack,"mood/theme: background, emotional, inspiring, romantic; genre: classical, orchestral, soundtrack",background|emotional|inspiring|romantic,classical|orchestral|soundtrack
4,1,track_1066503,track_1329938,0,0.5345499515533447,"A short film scene showing a bright outdoor scene where the character starts to feel hopeful. The scene needs background music that feels advertising, happy, positive, uplifting. The musical atmosphere should lean toward pop. The music should work as emotional underscore without overpowering dialogue. The pacing should feel medium, and the emotional tension is low.",advertising|happy|positive|uplifting,pop,"mood/theme: happy, inspiring, motivational, sad, uplifting; genre: atmospheric, soundtrack, world",happy|inspiring|motivational|sad|uplifting,atmospheric|soundtrack|world
4,2,track_1066503,track_1139447,0,0.5142621397972107,"A short film scene showing a bright outdoor scene where the character starts to feel hopeful. The scene needs background music that feels advertising, happy, positive, uplifting. The musical atmosphere should lean toward pop. The music should work as emotional underscore without overpowering dialogue. The pacing should feel medium, and the emotional tension is low.",advertising|happy|positive|uplifting,pop,"mood/theme: love; genre: eurodance, pop",love,eurodance|pop
4,3,track_1066503,track_1099978,0,0.5038954615592957,"A short film scene showing a bright outdoor scene where the character starts to feel hopeful. The scene needs background music that feels advertising, happy, positive, uplifting. The musical atmosphere should lean toward pop. The music should work as emotional underscore without overpowering dialogue. The pacing should feel medium, and the emotional tension is low.",advertising|happy|positive|uplifting,pop,"mood/theme: ballad, positive, romantic; genre: easylistening, folk, popfolk",ballad|positive|romantic,easylistening|folk|popfolk
4,4,track_1066503,track_1264204,0,0.5021921992301941,"A short film scene showing a bright outdoor scene where the character starts to feel hopeful. The scene needs background music that feels advertising, happy, positive, uplifting. The musical atmosphere should lean toward pop. The music should work as emotional underscore without overpowering dialogue. The pacing should feel medium, and the emotional tension is low.",advertising|happy|positive|uplifting,pop,"mood/theme: movie; genre: breakbeat, chillout, soundtrack",movie,breakbeat|chillout|soundtrack
4,5,track_1066503,track_1119169,0,0.4990885853767395,"A short film scene showing a bright outdoor scene where the character starts to feel hopeful. The scene needs background music that feels advertising, happy, positive, uplifting. The musical atmosphere should lean toward pop. The music should work as emotional underscore without overpowering dialogue. The pacing should feel medium, and the emotional tension is low.",advertising|happy|positive|uplifting,pop,"mood/theme: love; genre: instrumentalpop, pop, soul, soundtrack",love,instrumentalpop|pop|soul|soundtrack
5,1,track_0620607,track_0708464,0,0.5915473699569702,"A short film scene showing two friends sitting in a quiet room after an argument. The scene needs background music that feels cool. The musical atmosphere should lean toward ambient, chillout, electronic. The music should work as emotional underscore without overpowering dialogue. The pacing should feel medium, and the emotional tension is low.",cool,ambient|chillout|electronic,"mood/theme: commercial, documentary, meditative, summer, travel; genre: atmospheric, chillout, easylistening, jazzfunk, latin, lounge",commercial|documentary|meditative|summer|travel,atmospheric|chillout|easylistening|jazzfunk|latin|lounge
5,2,track_0620607,track_1149383,0,0.4728856682777405,"A short film scene showing two friends sitting in a quiet room after an argument. The scene needs background music that feels cool. The musical atmosphere should lean toward ambient, chillout, electronic. The music should work as emotional underscore without overpowering dialogue. The pacing should feel medium, and the emotional tension is low.",cool,ambient|chillout|electronic,"mood/theme: corporate, documentary; genre: easylistening, instrumentalpop, soundtrack",corporate|documentary,easylistening|instrumentalpop|soundtrack
5,3,track_0620607,track_0162035,0,0.4654688239097595,"A short film scene showing two friends sitting in a quiet room after an argument. The scene needs background music that feels cool. The musical atmosphere should lean toward ambient, chillout, electronic. The music should work as emotional underscore without overpowering dialogue. The pacing should feel medium, and the emotional tension is low.",cool,ambient|chillout|electronic,"mood/theme: drama, emotional, horror, soft; genre: chillout, classical, experimental, folk, pop, soundtrack",drama|emotional|horror|soft,chillout|classical|experimental|folk|pop|soundtrack
5,4,track_0620607,track_1185785,0,0.4463689923286438,"A short film scene showing two friends sitting in a quiet room after an argument. The scene needs background music that feels cool. The musical atmosphere should lean toward ambient, chillout, electronic. The music should work as emotional underscore without overpowering dialogue. The pacing should feel medium, and the emotional tension is low.",cool,ambient|chillout|electronic,"mood/theme: emotional; genre: lounge, pop",emotional,lounge|pop
5,5,track_0620607,track_1266582,0,0.43926265835762024,"A short film scene showing two friends sitting in a quiet room after an argument. The scene needs background music that feels cool. The musical atmosphere should lean toward ambient, chillout, electronic. The music should work as emotional underscore without overpowering dialogue. The pacing should feel medium, and the emotional tension is low.",cool,ambient|chillout|electronic,"mood/theme: emotional, meditative, soundscape; genre: ambient, chillout, electronic",emotional|meditative|soundscape,ambient|chillout|electronic
6,1,track_0250990,track_0708464,0,0.5825269222259521,"A short film scene showing two friends sitting in a quiet room after an argument. The scene needs background music that feels dream. The musical atmosphere should lean toward cinematic. The music should work as emotional underscore without overpowering dialogue. The pacing should feel medium, and the emotional tension is low.",dream,,"mood/theme: commercial, documentary, meditative, summer, travel; genre: atmospheric, chillout, easylistening, jazzfunk, latin, lounge",commercial|documentary|meditative|summer|travel,atmospheric|chillout|easylistening|jazzfunk|latin|lounge
6,2,track_0250990,track_0672770,0,0.5158880949020386,"A short film scene showing two friends sitting in a quiet room after an argument. The scene needs background music that feels dream. The musical atmosphere should lean toward cinematic. The music should work as emotional underscore without overpowering dialogue. The pacing should feel medium, and the emotional tension is low.",dream,,"mood/theme: love, romantic; genre: ",love|romantic,
6,3,track_0250990,track_0162035,0,0.5063408017158508,"A short film scene showing two friends sitting in a quiet room after an argument. The scene needs background music that feels dream. The musical atmosphere should lean toward cinematic. The music should work as emotional underscore without overpowering dialogue. The pacing should feel medium, and the emotional tension is low.",dream,,"mood/theme: drama, emotional, horror, soft; genre: chillout, classical, experimental, folk, pop, soundtrack",drama|emotional|horror|soft,chillout|classical|experimental|folk|pop|soundtrack
6,4,track_0250990,track_0770629,0,0.4838795065879822,"A short film scene showing two friends sitting in a quiet room after an argument. The scene needs background music that feels dream. The musical atmosphere should lean toward cinematic. The music should work as emotional underscore without overpowering dialogue. The pacing should feel medium, and the emotional tension is low.",dream,,"mood/theme: documentary, drama, emotional, soft; genre: choir, newage, soundtrack",documentary|drama|emotional|soft,choir|newage|soundtrack
6,5,track_0250990,track_1185785,0,0.4826114773750305,"A short film scene showing two friends sitting in a quiet room after an argument. The scene needs background music that feels dream. The musical atmosphere should lean toward cinematic. The music should work as emotional underscore without overpowering dialogue. The pacing should feel medium, and the emotional tension is low.",dream,,"mood/theme: emotional; genre: lounge, pop",emotional,lounge|pop
7,1,track_0843208,track_0708464,0,0.5763394236564636,"A short film scene showing two friends sitting in a quiet room after an argument. The scene needs background music that feels meditative. The musical atmosphere should lean toward folk, newage, orchestral. The music should work as emotional underscore without overpowering dialogue. The pacing should feel slow, and the emotional tension is low.",meditative,folk|newage|orchestral|world,"mood/theme: commercial, documentary, meditative, summer, travel; genre: atmospheric, chillout, easylistening, jazzfunk, latin, lounge",commercial|documentary|meditative|summer|travel,atmospheric|chillout|easylistening|jazzfunk|latin|lounge
7,2,track_0843208,track_0672770,0,0.531055212020874,"A short film scene showing two friends sitting in a quiet room after an argument. The scene needs background music that feels meditative. The musical atmosphere should lean toward folk, newage, orchestral. The music should work as emotional underscore without overpowering dialogue. The pacing should feel slow, and the emotional tension is low.",meditative,folk|newage|orchestral|world,"mood/theme: love, romantic; genre: ",love|romantic,
7,3,track_0843208,track_1381596,0,0.5254279375076294,"A short film scene showing two friends sitting in a quiet room after an argument. The scene needs background music that feels meditative. The musical atmosphere should lean toward folk, newage, orchestral. The music should work as emotional underscore without overpowering dialogue. The pacing should feel slow, and the emotional tension is low.",meditative,folk|newage|orchestral|world,"mood/theme: melancholic, mellow, melodic; genre: folk, popfolk, singersongwriter",melancholic|mellow|melodic,folk|popfolk|singersongwriter
7,4,track_0843208,track_1155158,0,0.503600537776947,"A short film scene showing two friends sitting in a quiet room after an argument. The scene needs background music that feels meditative. The musical atmosphere should lean toward folk, newage, orchestral. The music should work as emotional underscore without overpowering dialogue. The pacing should feel slow, and the emotional tension is low.",meditative,folk|newage|orchestral|world,"mood/theme: documentary, love, romantic, sad; genre: classical",documentary|love|romantic|sad,classical
7,5,track_0843208,track_0076974,0,0.4972544014453888,"A short film scene showing two friends sitting in a quiet room after an argument. The scene needs background music that feels meditative. The musical atmosphere should lean toward folk, newage, orchestral. The music should work as emotional underscore without overpowering dialogue. The pacing should feel slow, and the emotional tension is low.",meditative,folk|newage|orchestral|world,"mood/theme: calm; genre: folk, instrumentalpop",calm,folk|instrumentalpop
8,1,track_1372069,track_1173140,0,0.5687877535820007,"A short film scene showing a night-time scene where the mood slowly becomes uncertain. The scene needs background music that feels dark. The musical atmosphere should lean toward club, experimental, soundtrack. The music should work as emotional underscore without overpowering dialogue. The pacing should feel medium, and the emotional tension is high.",dark,club|experimental|soundtrack,"mood/theme: action, adventure, drama, film; genre: ambient, orchestral, soundtrack",action|adventure|drama|film,ambient|orchestral|soundtrack
8,2,track_1372069,track_0947018,0,0.5647290349006653,"A short film scene showing a night-time scene where the mood slowly becomes uncertain. The scene needs background music that feels dark. The musical atmosphere should lean toward club, experimental, soundtrack. The music should work as emotional underscore without overpowering dialogue. The pacing should feel medium, and the emotional tension is high.",dark,club|experimental|soundtrack,"mood/theme: dark, drama, film, movie; genre: classical, soundtrack",dark|drama|film|movie,classical|soundtrack
8,3,track_1372069,track_0244937,0,0.5531451106071472,"A short film scene showing a night-time scene where the mood slowly becomes uncertain. The scene needs background music that feels dark. The musical atmosphere should lean toward club, experimental, soundtrack. The music should work as emotional underscore without overpowering dialogue. The pacing should feel medium, and the emotional tension is high.",dark,club|experimental|soundtrack,"mood/theme: action, documentary, emotional; genre: classical, contemporary, electronic, soundtrack",action|documentary|emotional,classical|contemporary|electronic|soundtrack
8,4,track_1372069,track_0244956,0,0.5471674203872681,"A short film scene showing a night-time scene where the mood slowly becomes uncertain. The scene needs background music that feels dark. The musical atmosphere should lean toward club, experimental, soundtrack. The music should work as emotional underscore without overpowering dialogue. The pacing should feel medium, and the emotional tension is high.",dark,club|experimental|soundtrack,"mood/theme: action, documentary, emotional; genre: classical, electronic, soundtrack",action|documentary|emotional,classical|electronic|soundtrack
8,5,track_1372069,track_0255567,0,0.5454766750335693,"A short film scene showing a night-time scene where the mood slowly becomes uncertain. The scene needs background music that feels dark. The musical atmosphere should lean toward club, experimental, soundtrack. The music should work as emotional underscore without overpowering dialogue. The pacing should feel medium, and the emotional tension is high.",dark,club|experimental|soundtrack,"mood/theme: space, travel; genre: ambient, soundtrack",space|travel,ambient|soundtrack
9,1,track_1314750,track_1342579,0,0.5017882585525513,"A short film scene showing a suspenseful scene where the character feels watched. The scene needs background music that feels corporate, motivational. The musical atmosphere should lean toward dance, house, trance. The music should work as emotional underscore without overpowering dialogue. The pacing should feel medium, and the emotional tension is low.",corporate|motivational,dance|house|trance,"mood/theme: dramatic, emotional, romantic, trailer; genre: classical, orchestral, soundtrack",dramatic|emotional|romantic|trailer,classical|orchestral|soundtrack
9,2,track_1314750,track_1297805,0,0.48564863204956055,"A short film scene showing a suspenseful scene where the character feels watched. The scene needs background music that feels corporate, motivational. The musical atmosphere should lean toward dance, house, trance. The music should work as emotional underscore without overpowering dialogue. The pacing should feel medium, and the emotional tension is low.",corporate|motivational,dance|house|trance,"mood/theme: background, corporate, happy, motivational; genre: easylistening, orchestral, soundtrack",background|corporate|happy|motivational,easylistening|orchestral|soundtrack
9,3,track_1314750,track_1149383,0,0.47172123193740845,"A short film scene showing a suspenseful scene where the character feels watched. The scene needs background music that feels corporate, motivational. The musical atmosphere should lean toward dance, house, trance. The music should work as emotional underscore without overpowering dialogue. The pacing should feel medium, and the emotional tension is low.",corporate|motivational,dance|house|trance,"mood/theme: corporate, documentary; genre: easylistening, instrumentalpop, soundtrack",corporate|documentary,easylistening|instrumentalpop|soundtrack
9,4,track_1314750,track_1264204,0,0.4647999107837677,"A short film scene showing a suspenseful scene where the character feels watched. The scene needs background music that feels corporate, motivational. The musical atmosphere should lean toward dance, house, trance. The music should work as emotional underscore without overpowering dialogue. The pacing should feel medium, and the emotional tension is low.",corporate|motivational,dance|house|trance,"mood/theme: movie; genre: breakbeat, chillout, soundtrack",movie,breakbeat|chillout|soundtrack
9,5,track_1314750,track_1313062,0,0.46462321281433105,"A short film scene showing a suspenseful scene where the character feels watched. The scene needs background music that feels corporate, motivational. The musical atmosphere should lean toward dance, house, trance. The music should work as emotional underscore without overpowering dialogue. The pacing should feel medium, and the emotional tension is low.",corporate|motivational,dance|house|trance,"mood/theme: background, commercial, corporate, happy, inspiring, motivational; genre: easylistening, orchestral, soundtrack",background|commercial|corporate|happy|inspiring|motivational,easylistening|orchestral|soundtrack
10,1,track_0769426,track_1155158,0,0.48436546325683594,"A short film scene showing a quiet conversation where something remains unsaid. The scene needs background music that feels meditative. The musical atmosphere should lean toward folk, newage, soundtrack. The music should work as emotional underscore without overpowering dialogue. The pacing should feel slow, and the emotional tension is low.",meditative,folk|newage|soundtrack|world,"mood/theme: documentary, love, romantic, sad; genre: classical",documentary|love|romantic|sad,classical
10,2,track_0769426,track_1305095,0,0.4807208776473999,"A short film scene showing a quiet conversation where something remains unsaid. The scene needs background music that feels meditative. The musical atmosphere should lean toward folk, newage, soundtrack. The music should work as emotional underscore without overpowering dialogue. The pacing should feel slow, and the emotional tension is low.",meditative,folk|newage|soundtrack|world,"mood/theme: drama, emotional, film, romantic, sad; genre: jazz, singersongwriter, soundtrack",drama|emotional|film|romantic|sad,jazz|singersongwriter|soundtrack
10,3,track_0769426,track_0162035,0,0.4726025462150574,"A short film scene showing a quiet conversation where something remains unsaid. The scene needs background music that feels meditative. The musical atmosphere should lean toward folk, newage, soundtrack. The music should work as emotional underscore without overpowering dialogue. The pacing should feel slow, and the emotional tension is low.",meditative,folk|newage|soundtrack|world,"mood/theme: drama, emotional, horror, soft; genre: chillout, classical, experimental, folk, pop, soundtrack",drama|emotional|horror|soft,chillout|classical|experimental|folk|pop|soundtrack
10,4,track_0769426,track_0672770,0,0.4725835919380188,"A short film scene showing a quiet conversation where something remains unsaid. The scene needs background music that feels meditative. The musical atmosphere should lean toward folk, newage, soundtrack. The music should work as emotional underscore without overpowering dialogue. The pacing should feel slow, and the emotional tension is low.",meditative,folk|newage|soundtrack|world,"mood/theme: love, romantic; genre: ",love|romantic,
10,5,track_0769426,track_1350945,0,0.471290647983551,"A short film scene showing a quiet conversation where something remains unsaid. The scene needs background music that feels meditative. The musical atmosphere should lean toward folk, newage, soundtrack. The music should work as emotional underscore without overpowering dialogue. The pacing should feel slow, and the emotional tension is low.",meditative,folk|newage|soundtrack|world,"mood/theme: background, emotional, inspiring, romantic; genre: classical, orchestral, soundtrack",background|emotional|inspiring|romantic,classical|orchestral|soundtrack
11,1,track_1319785,track_1188985,0,0.6026586890220642,"A short film scene showing a suspenseful scene where the character feels watched. The scene needs background music that feels epic, movie. The musical atmosphere should lean toward orchestral, soundtrack. The music should work as emotional underscore without overpowering dialogue. The pacing should feel medium, and the emotional tension is high.",epic|movie,orchestral|soundtrack,"mood/theme: dark, horror; genre: darkambient, orchestral, soundtrack, symphonic",dark|horror,darkambient|orchestral|soundtrack|symphonic
11,2,track_1319785,track_1297805,0,0.5987318754196167,"A short film scene showing a suspenseful scene where the character feels watched. The scene needs background music that feels epic, movie. The musical atmosphere should lean toward orchestral, soundtrack. The music should work as emotional underscore without overpowering dialogue. The pacing should feel medium, and the emotional tension is high.",epic|movie,orchestral|soundtrack,"mood/theme: background, corporate, happy, motivational; genre: easylistening, orchestral, soundtrack",background|corporate|happy|motivational,easylistening|orchestral|soundtrack
11,3,track_1319785,track_0900242,0,0.5931423306465149,"A short film scene showing a suspenseful scene where the character feels watched. The scene needs background music that feels epic, movie. The musical atmosphere should lean toward orchestral, soundtrack. The music should work as emotional underscore without overpowering dialogue. The pacing should feel medium, and the emotional tension is high.",epic|movie,orchestral|soundtrack,"mood/theme: adventure, corporate, documentary, drama, nature; genre: classical, orchestral, soundtrack",adventure|corporate|documentary|drama|nature,classical|orchestral|soundtrack
11,4,track_1319785,track_1342579,0,0.5875527858734131,"A short film scene showing a suspenseful scene where the character feels watched. The scene needs background music that feels epic, movie. The musical atmosphere should lean toward orchestral, soundtrack. The music should work as emotional underscore without overpowering dialogue. The pacing should feel medium, and the emotional tension is high.",epic|movie,orchestral|soundtrack,"mood/theme: dramatic, emotional, romantic, trailer; genre: classical, orchestral, soundtrack",dramatic|emotional|romantic|trailer,classical|orchestral|soundtrack
11,5,track_1319785,track_1350945,0,0.5661462545394897,"A short film scene showing a suspenseful scene where the character feels watched. The scene needs background music that feels epic, movie. The musical atmosphere should lean toward orchestral, soundtrack. The music should work as emotional underscore without overpowering dialogue. The pacing should feel medium, and the emotional tension is high.",epic|movie,orchestral|soundtrack,"mood/theme: background, emotional, inspiring, romantic; genre: classical, orchestral, soundtrack",background|emotional|inspiring|romantic,classical|orchestral|soundtrack
12,1,track_1157302,track_1350945,0,0.6068084239959717,"A short film scene showing a lonely interior scene with very little dialogue. The scene needs background music that feels romantic. The musical atmosphere should lean toward jazz, soundtrack. The music should work as emotional underscore without overpowering dialogue. The pacing should feel medium, and the emotional tension is low.",romantic,jazz|soundtrack,"mood/theme: background, emotional, inspiring, romantic; genre: classical, orchestral, soundtrack",background|emotional|inspiring|romantic,classical|orchestral|soundtrack
12,2,track_1157302,track_1305095,0,0.5503260493278503,"A short film scene showing a lonely interior scene with very little dialogue. The scene needs background music that feels romantic. The musical atmosphere should lean toward jazz, soundtrack. The music should work as emotional underscore without overpowering dialogue. The pacing should feel medium, and the emotional tension is low.",romantic,jazz|soundtrack,"mood/theme: drama, emotional, film, romantic, sad; genre: jazz, singersongwriter, soundtrack",drama|emotional|film|romantic|sad,jazz|singersongwriter|soundtrack
12,3,track_1157302,track_0958479,0,0.5392196774482727,"A short film scene showing a lonely interior scene with very little dialogue. The scene needs background music that feels romantic. The musical atmosphere should lean toward jazz, soundtrack. The music should work as emotional underscore without overpowering dialogue. The pacing should feel medium, and the emotional tension is low.",romantic,jazz|soundtrack,"mood/theme: emotional, meditative, melancholic; genre: classical, newage, soundtrack",emotional|meditative|melancholic,classical|newage|soundtrack
12,4,track_1157302,track_1347008,0,0.5186598300933838,"A short film scene showing a lonely interior scene with very little dialogue. The scene needs background music that feels romantic. The musical atmosphere should lean toward jazz, soundtrack. The music should work as emotional underscore without overpowering dialogue. The pacing should feel medium, and the emotional tension is low.",romantic,jazz|soundtrack,"mood/theme: emotional, inspiring, romantic; genre: classical, orchestral, soundtrack",emotional|inspiring|romantic,classical|orchestral|soundtrack
12,5,track_1157302,track_1155158,0,0.5039870142936707,"A short film scene showing a lonely interior scene with very little dialogue. The scene needs background music that feels romantic. The musical atmosphere should lean toward jazz, soundtrack. The music should work as emotional underscore without overpowering dialogue. The pacing should feel medium, and the emotional tension is low.",romantic,jazz|soundtrack,"mood/theme: documentary, love, romantic, sad; genre: classical",documentary|love|romantic|sad,classical
13,1,track_1244794,track_1350945,0,0.6919087171554565,"A short film scene showing a night-time scene where the mood slowly becomes uncertain. The scene needs background music that feels epic, film. The musical atmosphere should lean toward choir, orchestral, soundtrack. The music should work as emotional underscore without overpowering dialogue. The pacing should feel medium, and the emotional tension is high.",epic|film,choir|orchestral|soundtrack,"mood/theme: background, emotional, inspiring, romantic; genre: classical, orchestral, soundtrack",background|emotional|inspiring|romantic,classical|orchestral|soundtrack
13,2,track_1244794,track_1297805,0,0.6469308137893677,"A short film scene showing a night-time scene where the mood slowly becomes uncertain. The scene needs background music that feels epic, film. The musical atmosphere should lean toward choir, orchestral, soundtrack. The music should work as emotional underscore without overpowering dialogue. The pacing should feel medium, and the emotional tension is high.",epic|film,choir|orchestral|soundtrack,"mood/theme: background, corporate, happy, motivational; genre: easylistening, orchestral, soundtrack",background|corporate|happy|motivational,easylistening|orchestral|soundtrack
13,3,track_1244794,track_0947018,0,0.6122143864631653,"A short film scene showing a night-time scene where the mood slowly becomes uncertain. The scene needs background music that feels epic, film. The musical atmosphere should lean toward choir, orchestral, soundtrack. The music should work as emotional underscore without overpowering dialogue. The pacing should feel medium, and the emotional tension is high.",epic|film,choir|orchestral|soundtrack,"mood/theme: dark, drama, film, movie; genre: classical, soundtrack",dark|drama|film|movie,classical|soundtrack
13,4,track_1244794,track_1338307,0,0.6108493804931641,"A short film scene showing a night-time scene where the mood slowly becomes uncertain. The scene needs background music that feels epic, film. The musical atmosphere should lean toward choir, orchestral, soundtrack. The music should work as emotional underscore without overpowering dialogue. The pacing should feel medium, and the emotional tension is high.",epic|film,choir|orchestral|soundtrack,"mood/theme: dark, dramatic, film; genre: classical, orchestral, soundtrack",dark|dramatic|film,classical|orchestral|soundtrack
13,5,track_1244794,track_0729303,0,0.6054471135139465,"A short film scene showing a night-time scene where the mood slowly becomes uncertain. The scene needs background music that feels epic, film. The musical atmosphere should lean toward choir, orchestral, soundtrack. The music should work as emotional underscore without overpowering dialogue. The pacing should feel medium, and the emotional tension is high.",epic|film,choir|orchestral|soundtrack,"mood/theme: film; genre: classical, orchestral, soundtrack",film,classical|orchestral|soundtrack
14,1,track_0126121,track_0162035,0,0.5150853991508484,"A short film scene showing a person looking at old photos and remembering the past. The scene needs background music that feels soundscape. The musical atmosphere should lean toward ambient, easylistening, progressive. The music should work as emotional underscore without overpowering dialogue. The pacing should feel medium, and the emotional tension is low.",soundscape,ambient|easylistening|progressive|psychedelic|worldfusion,"mood/theme: drama, emotional, horror, soft; genre: chillout, classical, experimental, folk, pop, soundtrack",drama|emotional|horror|soft,chillout|classical|experimental|folk|pop|soundtrack
14,2,track_0126121,track_1305095,0,0.4987913966178894,"A short film scene showing a person looking at old photos and remembering the past. The scene needs background music that feels soundscape. The musical atmosphere should lean toward ambient, easylistening, progressive. The music should work as emotional underscore without overpowering dialogue. The pacing should feel medium, and the emotional tension is low.",soundscape,ambient|easylistening|progressive|psychedelic|worldfusion,"mood/theme: drama, emotional, film, romantic, sad; genre: jazz, singersongwriter, soundtrack",drama|emotional|film|romantic|sad,jazz|singersongwriter|soundtrack
14,3,track_0126121,track_1390694,0,0.4569966495037079,"A short film scene showing a person looking at old photos and remembering the past. The scene needs background music that feels soundscape. The musical atmosphere should lean toward ambient, easylistening, progressive. The music should work as emotional underscore without overpowering dialogue. The pacing should feel medium, and the emotional tension is low.",soundscape,ambient|easylistening|progressive|psychedelic|worldfusion,"mood/theme: slow, soundscape; genre: ambient, atmospheric, experimental",slow|soundscape,ambient|atmospheric|experimental
14,4,track_0126121,track_0770629,0,0.44898292422294617,"A short film scene showing a person looking at old photos and remembering the past. The scene needs background music that feels soundscape. The musical atmosphere should lean toward ambient, easylistening, progressive. The music should work as emotional underscore without overpowering dialogue. The pacing should feel medium, and the emotional tension is low.",soundscape,ambient|easylistening|progressive|psychedelic|worldfusion,"mood/theme: documentary, drama, emotional, soft; genre: choir, newage, soundtrack",documentary|drama|emotional|soft,choir|newage|soundtrack
14,5,track_0126121,track_0759339,0,0.4453696608543396,"A short film scene showing a person looking at old photos and remembering the past. The scene needs background music that feels soundscape. The musical atmosphere should lean toward ambient, easylistening, progressive. The music should work as emotional underscore without overpowering dialogue. The pacing should feel medium, and the emotional tension is low.",soundscape,ambient|easylistening|progressive|psychedelic|worldfusion,"mood/theme: space; genre: ambient, chillout, orchestral",space,ambient|chillout|orchestral
15,1,track_0020536,track_1350945,0,0.5235136151313782,"A short film scene showing a light montage showing small moments of everyday happiness. The scene needs background music that feels fun. The musical atmosphere should lean toward alternative, easylistening, ethno. The music should work as emotional underscore without overpowering dialogue. The pacing should feel medium, and the emotional tension is low.",fun,alternative|easylistening|ethno|indie|pop|world,"mood/theme: background, emotional, inspiring, romantic; genre: classical, orchestral, soundtrack",background|emotional|inspiring|romantic,classical|orchestral|soundtrack
15,2,track_0020536,track_1305095,0,0.4702666401863098,"A short film scene showing a light montage showing small moments of everyday happiness. The scene needs background music that feels fun. The musical atmosphere should lean toward alternative, easylistening, ethno. The music should work as emotional underscore without overpowering dialogue. The pacing should feel medium, and the emotional tension is low.",fun,alternative|easylistening|ethno|indie|pop|world,"mood/theme: drama, emotional, film, romantic, sad; genre: jazz, singersongwriter, soundtrack",drama|emotional|film|romantic|sad,jazz|singersongwriter|soundtrack
15,3,track_0020536,track_1347008,0,0.46227699518203735,"A short film scene showing a light montage showing small moments of everyday happiness. The scene needs background music that feels fun. The musical atmosphere should lean toward alternative, easylistening, ethno. The music should work as emotional underscore without overpowering dialogue. The pacing should feel medium, and the emotional tension is low.",fun,alternative|easylistening|ethno|indie|pop|world,"mood/theme: emotional, inspiring, romantic; genre: classical, orchestral, soundtrack",emotional|inspiring|romantic,classical|orchestral|soundtrack
15,4,track_0020536,track_1297805,0,0.4614865779876709,"A short film scene showing a light montage showing small moments of everyday happiness. The scene needs background music that feels fun. The musical atmosphere should lean toward alternative, easylistening, ethno. The music should work as emotional underscore without overpowering dialogue. The pacing should feel medium, and the emotional tension is low.",fun,alternative|easylistening|ethno|indie|pop|world,"mood/theme: background, corporate, happy, motivational; genre: easylistening, orchestral, soundtrack",background|corporate|happy|motivational,easylistening|orchestral|soundtrack
15,5,track_0020536,track_1134850,0,0.4364882707595825,"A short film scene showing a light montage showing small moments of everyday happiness. The scene needs background music that feels fun. The musical atmosphere should lean toward alternative, easylistening, ethno. The music should work as emotional underscore without overpowering dialogue. The pacing should feel medium, and the emotional tension is low.",fun,alternative|easylistening|ethno|indie|pop|world,"mood/theme: corporate; genre: classical, soundtrack",corporate,classical|soundtrack
16,1,track_1356770,track_1173140,0,0.5771797299385071,"A short film scene showing a night-time scene where the mood slowly becomes uncertain. The scene needs background music that feels dark. The musical atmosphere should lean toward electronic, industrial, trance. The music should work as emotional underscore without overpowering dialogue. The pacing should feel medium, and the emotional tension is high.",dark,electronic|industrial|trance,"mood/theme: action, adventure, drama, film; genre: ambient, orchestral, soundtrack",action|adventure|drama|film,ambient|orchestral|soundtrack
16,2,track_1356770,track_0255567,0,0.561799168586731,"A short film scene showing a night-time scene where the mood slowly becomes uncertain. The scene needs background music that feels dark. The musical atmosphere should lean toward electronic, industrial, trance. The music should work as emotional underscore without overpowering dialogue. The pacing should feel medium, and the emotional tension is high.",dark,electronic|industrial|trance,"mood/theme: space, travel; genre: ambient, soundtrack",space|travel,ambient|soundtrack
16,3,track_1356770,track_0947018,0,0.5605874061584473,"A short film scene showing a night-time scene where the mood slowly becomes uncertain. The scene needs background music that feels dark. The musical atmosphere should lean toward electronic, industrial, trance. The music should work as emotional underscore without overpowering dialogue. The pacing should feel medium, and the emotional tension is high.",dark,electronic|industrial|trance,"mood/theme: dark, drama, film, movie; genre: classical, soundtrack",dark|drama|film|movie,classical|soundtrack
16,4,track_1356770,track_0244937,0,0.5403894782066345,"A short film scene showing a night-time scene where the mood slowly becomes uncertain. The scene needs background music that feels dark. The musical atmosphere should lean toward electronic, industrial, trance. The music should work as emotional underscore without overpowering dialogue. The pacing should feel medium, and the emotional tension is high.",dark,electronic|industrial|trance,"mood/theme: action, documentary, emotional; genre: classical, contemporary, electronic, soundtrack",action|documentary|emotional,classical|contemporary|electronic|soundtrack
16,5,track_1356770,track_0244956,0,0.5352996587753296,"A short film scene showing a night-time scene where the mood slowly becomes uncertain. The scene needs background music that feels dark. The musical atmosphere should lean toward electronic, industrial, trance. The music should work as emotional underscore without overpowering dialogue. The pacing should feel medium, and the emotional tension is high.",dark,electronic|industrial|trance,"mood/theme: action, documentary, emotional; genre: classical, electronic, soundtrack",action|documentary|emotional,classical|electronic|soundtrack
17,1,track_0742884,track_1370408,0,0.5312226414680481,"A short film scene showing a training montage where the character pushes past their limit. The scene needs background music that feels epic, powerful, trailer. The musical atmosphere should lean toward soundtrack. The music should work as emotional underscore without overpowering dialogue. The pacing should feel fast, and the emotional tension is high.",epic|powerful|trailer,soundtrack,"mood/theme: action, epic, movie, trailer; genre: grunge, orchestral, progressive",action|epic|movie|trailer,grunge|orchestral|progressive
17,2,track_0742884,track_1348717,0,0.529030442237854,"A short film scene showing a training montage where the character pushes past their limit. The scene needs background music that feels epic, powerful, trailer. The musical atmosphere should lean toward soundtrack. The music should work as emotional underscore without overpowering dialogue. The pacing should feel fast, and the emotional tension is high.",epic|powerful|trailer,soundtrack,"mood/theme: action, dramatic, epic, trailer; genre: classical, orchestral, soundtrack",action|dramatic|epic|trailer,classical|orchestral|soundtrack
17,3,track_0742884,track_1216154,0,0.5205393433570862,"A short film scene showing a training montage where the character pushes past their limit. The scene needs background music that feels epic, powerful, trailer. The musical atmosphere should lean toward soundtrack. The music should work as emotional underscore without overpowering dialogue. The pacing should feel fast, and the emotional tension is high.",epic|powerful|trailer,soundtrack,"mood/theme: film, positive, trailer; genre: orchestral, soundtrack, symphonic",film|positive|trailer,orchestral|soundtrack|symphonic
17,4,track_0742884,track_0975526,0,0.5140576958656311,"A short film scene showing a training montage where the character pushes past their limit. The scene needs background music that feels epic, powerful, trailer. The musical atmosphere should lean toward soundtrack. The music should work as emotional underscore without overpowering dialogue. The pacing should feel fast, and the emotional tension is high.",epic|powerful|trailer,soundtrack,"mood/theme: action, trailer; genre: choir, orchestral, soundtrack",action|trailer,choir|orchestral|soundtrack
17,5,track_0742884,track_1405087,0,0.5072458982467651,"A short film scene showing a training montage where the character pushes past their limit. The scene needs background music that feels epic, powerful, trailer. The musical atmosphere should lean toward soundtrack. The music should work as emotional underscore without overpowering dialogue. The pacing should feel fast, and the emotional tension is high.",epic|powerful|trailer,soundtrack,"mood/theme: epic, motivational, movie, positive, trailer; genre: orchestral, soundtrack, symphonic",epic|motivational|movie|positive|trailer,orchestral|soundtrack|symphonic
18,1,track_0840599,track_0801576,0,0.578322172164917,"A short film scene showing a bright outdoor scene where the character starts to feel hopeful. The scene needs background music that feels happy. The musical atmosphere should lean toward poprock, rock. The music should work as emotional underscore without overpowering dialogue. The pacing should feel medium, and the emotional tension is low.",happy,poprock|rock,"mood/theme: movie; genre: instrumentalpop, lounge, poprock",movie,instrumentalpop|lounge|poprock
18,2,track_0840599,track_1264204,0,0.5698345899581909,"A short film scene showing a bright outdoor scene where the character starts to feel hopeful. The scene needs background music that feels happy. The musical atmosphere should lean toward poprock, rock. The music should work as emotional underscore without overpowering dialogue. The pacing should feel medium, and the emotional tension is low.",happy,poprock|rock,"mood/theme: movie; genre: breakbeat, chillout, soundtrack",movie,breakbeat|chillout|soundtrack
18,3,track_0840599,track_0123284,0,0.5600243806838989,"A short film scene showing a bright outdoor scene where the character starts to feel hopeful. The scene needs background music that feels happy. The musical atmosphere should lean toward poprock, rock. The music should work as emotional underscore without overpowering dialogue. The pacing should feel medium, and the emotional tension is low.",happy,poprock|rock,"mood/theme: emotional, melodic; genre: ambient, chanson, poprock",emotional|melodic,ambient|chanson|poprock
18,4,track_0840599,track_1167882,0,0.5535966753959656,"A short film scene showing a bright outdoor scene where the character starts to feel hopeful. The scene needs background music that feels happy. The musical atmosphere should lean toward poprock, rock. The music should work as emotional underscore without overpowering dialogue. The pacing should feel medium, and the emotional tension is low.",happy,poprock|rock,"mood/theme: action, commercial, fun, upbeat; genre: 60s, poprock, soundtrack",action|commercial|fun|upbeat,60s|poprock|soundtrack
18,5,track_0840599,track_1072128,0,0.5515215396881104,"A short film scene showing a bright outdoor scene where the character starts to feel hopeful. The scene needs background music that feels happy. The musical atmosphere should lean toward poprock, rock. The music should work as emotional underscore without overpowering dialogue. The pacing should feel medium, and the emotional tension is low.",happy,poprock|rock,"mood/theme: background, happy, positive; genre: poprock",background|happy|positive,poprock
19,1,track_0625211,track_1305095,0,0.5828256607055664,"A short film scene showing a person looking at old photos and remembering the past. The scene needs background music that feels relaxing. The musical atmosphere should lean toward jazz. The music should work as emotional underscore without overpowering dialogue. The pacing should feel slow, and the emotional tension is low.",relaxing,jazz,"mood/theme: drama, emotional, film, romantic, sad; genre: jazz, singersongwriter, soundtrack",drama|emotional|film|romantic|sad,jazz|singersongwriter|soundtrack
19,2,track_0625211,track_1155158,0,0.5095464587211609,"A short film scene showing a person looking at old photos and remembering the past. The scene needs background music that feels relaxing. The musical atmosphere should lean toward jazz. The music should work as emotional underscore without overpowering dialogue. The pacing should feel slow, and the emotional tension is low.",relaxing,jazz,"mood/theme: documentary, love, romantic, sad; genre: classical",documentary|love|romantic|sad,classical
19,3,track_0625211,track_1350945,0,0.506879985332489,"A short film scene showing a person looking at old photos and remembering the past. The scene needs background music that feels relaxing. The musical atmosphere should lean toward jazz. The music should work as emotional underscore without overpowering dialogue. The pacing should feel slow, and the emotional tension is low.",relaxing,jazz,"mood/theme: background, emotional, inspiring, romantic; genre: classical, orchestral, soundtrack",background|emotional|inspiring|romantic,classical|orchestral|soundtrack
19,4,track_0625211,track_0162035,0,0.5031980276107788,"A short film scene showing a person looking at old photos and remembering the past. The scene needs background music that feels relaxing. The musical atmosphere should lean toward jazz. The music should work as emotional underscore without overpowering dialogue. The pacing should feel slow, and the emotional tension is low.",relaxing,jazz,"mood/theme: drama, emotional, horror, soft; genre: chillout, classical, experimental, folk, pop, soundtrack",drama|emotional|horror|soft,chillout|classical|experimental|folk|pop|soundtrack
19,5,track_0625211,track_0958479,0,0.5021237730979919,"A short film scene showing a person looking at old photos and remembering the past. The scene needs background music that feels relaxing. The musical atmosphere should lean toward jazz. The music should work as emotional underscore without overpowering dialogue. The pacing should feel slow, and the emotional tension is low.",relaxing,jazz,"mood/theme: emotional, meditative, melancholic; genre: classical, newage, soundtrack",emotional|meditative|melancholic,classical|newage|soundtrack
20,1,track_1247106,track_1188985,0,0.5547864437103271,"A short film scene showing a suspenseful scene where the character feels watched. The scene needs background music that feels dark, slow. The musical atmosphere should lean toward experimental. The music should work as emotional underscore without overpowering dialogue. The pacing should feel medium, and the emotional tension is high.",dark|slow,experimental,"mood/theme: dark, horror; genre: darkambient, orchestral, soundtrack, symphonic",dark|horror,darkambient|orchestral|soundtrack|symphonic
20,2,track_1247106,track_1342579,0,0.5391168594360352,"A short film scene showing a suspenseful scene where the character feels watched. The scene needs background music that feels dark, slow. The musical atmosphere should lean toward experimental. The music should work as emotional underscore without overpowering dialogue. The pacing should feel medium, and the emotional tension is high.",dark|slow,experimental,"mood/theme: dramatic, emotional, romantic, trailer; genre: classical, orchestral, soundtrack",dramatic|emotional|romantic|trailer,classical|orchestral|soundtrack
20,3,track_1247106,track_0947018,0,0.5248109102249146,"A short film scene showing a suspenseful scene where the character feels watched. The scene needs background music that feels dark, slow. The musical atmosphere should lean toward experimental. The music should work as emotional underscore without overpowering dialogue. The pacing should feel medium, and the emotional tension is high.",dark|slow,experimental,"mood/theme: dark, drama, film, movie; genre: classical, soundtrack",dark|drama|film|movie,classical|soundtrack
20,4,track_1247106,track_1338307,0,0.5244832038879395,"A short film scene showing a suspenseful scene where the character feels watched. The scene needs background music that feels dark, slow. The musical atmosphere should lean toward experimental. The music should work as emotional underscore without overpowering dialogue. The pacing should feel medium, and the emotional tension is high.",dark|slow,experimental,"mood/theme: dark, dramatic, film; genre: classical, orchestral, soundtrack",dark|dramatic|film,classical|orchestral|soundtrack
20,5,track_1247106,track_0900242,0,0.5188611745834351,"A short film scene showing a suspenseful scene where the character feels watched. The scene needs background music that feels dark, slow. The musical atmosphere should lean toward experimental. The music should work as emotional underscore without overpowering dialogue. The pacing should feel medium, and the emotional tension is high.",dark|slow,experimental,"mood/theme: adventure, corporate, documentary, drama, nature; genre: classical, orchestral, soundtrack",adventure|corporate|documentary|drama|nature,classical|orchestral|soundtrack
21,1,track_1254448,track_0162035,0,0.46631723642349243,"A short film scene showing a person looking at old photos and remembering the past. The scene needs background music that feels slow. The musical atmosphere should lean toward experimental. The music should work as emotional underscore without overpowering dialogue. The pacing should feel medium, and the emotional tension is low.",slow,experimental,"mood/theme: drama, emotional, horror, soft; genre: chillout, classical, experimental, folk, pop, soundtrack",drama|emotional|horror|soft,chillout|classical|experimental|folk|pop|soundtrack
21,2,track_1254448,track_1305095,0,0.4592353105545044,"A short film scene showing a person looking at old photos and remembering the past. The scene needs background music that feels slow. The musical atmosphere should lean toward experimental. The music should work as emotional underscore without overpowering dialogue. The pacing should feel medium, and the emotional tension is low.",slow,experimental,"mood/theme: drama, emotional, film, romantic, sad; genre: jazz, singersongwriter, soundtrack",drama|emotional|film|romantic|sad,jazz|singersongwriter|soundtrack
21,3,track_1254448,track_1390694,0,0.45588916540145874,"A short film scene showing a person looking at old photos and remembering the past. The scene needs background music that feels slow. The musical atmosphere should lean toward experimental. The music should work as emotional underscore without overpowering dialogue. The pacing should feel medium, and the emotional tension is low.",slow,experimental,"mood/theme: slow, soundscape; genre: ambient, atmospheric, experimental",slow|soundscape,ambient|atmospheric|experimental
21,4,track_1254448,track_0759339,0,0.4545181095600128,"A short film scene showing a person looking at old photos and remembering the past. The scene needs background music that feels slow. The musical atmosphere should lean toward experimental. The music should work as emotional underscore without overpowering dialogue. The pacing should feel medium, and the emotional tension is low.",slow,experimental,"mood/theme: space; genre: ambient, chillout, orchestral",space,ambient|chillout|orchestral
21,5,track_1254448,track_1334211,0,0.4279705882072449,"A short film scene showing a person looking at old photos and remembering the past. The scene needs background music that feels slow. The musical atmosphere should lean toward experimental. The music should work as emotional underscore without overpowering dialogue. The pacing should feel medium, and the emotional tension is low.",slow,experimental,"mood/theme: calm, children; genre: ethno, orchestral, soundtrack",calm|children,ethno|orchestral|soundtrack
22,1,track_1372261,track_1305095,0,0.5112341642379761,"A short film scene showing a person looking at old photos and remembering the past. The scene needs background music that feels sad. The musical atmosphere should lean toward ambient, easylistening, soundtrack. The music should work as emotional underscore without overpowering dialogue. The pacing should feel slow, and the emotional tension is medium.",sad,ambient|easylistening|soundtrack,"mood/theme: drama, emotional, film, romantic, sad; genre: jazz, singersongwriter, soundtrack",drama|emotional|film|romantic|sad,jazz|singersongwriter|soundtrack
22,2,track_1372261,track_0162035,0,0.5004691481590271,"A short film scene showing a person looking at old photos and remembering the past. The scene needs background music that feels sad. The musical atmosphere should lean toward ambient, easylistening, soundtrack. The music should work as emotional underscore without overpowering dialogue. The pacing should feel slow, and the emotional tension is medium.",sad,ambient|easylistening|soundtrack,"mood/theme: drama, emotional, horror, soft; genre: chillout, classical, experimental, folk, pop, soundtrack",drama|emotional|horror|soft,chillout|classical|experimental|folk|pop|soundtrack
22,3,track_1372261,track_1155158,0,0.4860481917858124,"A short film scene showing a person looking at old photos and remembering the past. The scene needs background music that feels sad. The musical atmosphere should lean toward ambient, easylistening, soundtrack. The music should work as emotional underscore without overpowering dialogue. The pacing should feel slow, and the emotional tension is medium.",sad,ambient|easylistening|soundtrack,"mood/theme: documentary, love, romantic, sad; genre: classical",documentary|love|romantic|sad,classical
22,4,track_1372261,track_0783234,0,0.48366081714630127,"A short film scene showing a person looking at old photos and remembering the past. The scene needs background music that feels sad. The musical atmosphere should lean toward ambient, easylistening, soundtrack. The music should work as emotional underscore without overpowering dialogue. The pacing should feel slow, and the emotional tension is medium.",sad,ambient|easylistening|soundtrack,"mood/theme: sad, soft; genre: ambient, classical, orchestral",sad|soft,ambient|classical|orchestral
22,5,track_1372261,track_0770629,0,0.47832390666007996,"A short film scene showing a person looking at old photos and remembering the past. The scene needs background music that feels sad. The musical atmosphere should lean toward ambient, easylistening, soundtrack. The music should work as emotional underscore without overpowering dialogue. The pacing should feel slow, and the emotional tension is medium.",sad,ambient|easylistening|soundtrack,"mood/theme: documentary, drama, emotional, soft; genre: choir, newage, soundtrack",documentary|drama|emotional|soft,choir|newage|soundtrack
23,1,track_0006610,track_0708464,0,0.5772243142127991,"A short film scene showing two friends sitting in a quiet room after an argument. The scene needs background music that feels melodic. The musical atmosphere should lean toward dance, electronic, pop. The music should work as emotional underscore without overpowering dialogue. The pacing should feel medium, and the emotional tension is low.",melodic,dance|electronic|pop,"mood/theme: commercial, documentary, meditative, summer, travel; genre: atmospheric, chillout, easylistening, jazzfunk, latin, lounge",commercial|documentary|meditative|summer|travel,atmospheric|chillout|easylistening|jazzfunk|latin|lounge
23,2,track_0006610,track_1149383,0,0.4747440218925476,"A short film scene showing two friends sitting in a quiet room after an argument. The scene needs background music that feels melodic. The musical atmosphere should lean toward dance, electronic, pop. The music should work as emotional underscore without overpowering dialogue. The pacing should feel medium, and the emotional tension is low.",melodic,dance|electronic|pop,"mood/theme: corporate, documentary; genre: easylistening, instrumentalpop, soundtrack",corporate|documentary,easylistening|instrumentalpop|soundtrack
23,3,track_0006610,track_1381596,0,0.4174480438232422,"A short film scene showing two friends sitting in a quiet room after an argument. The scene needs background music that feels melodic. The musical atmosphere should lean toward dance, electronic, pop. The music should work as emotional underscore without overpowering dialogue. The pacing should feel medium, and the emotional tension is low.",melodic,dance|electronic|pop,"mood/theme: melancholic, mellow, melodic; genre: folk, popfolk, singersongwriter",melancholic|mellow|melodic,folk|popfolk|singersongwriter
23,4,track_0006610,track_0162035,0,0.4016377925872803,"A short film scene showing two friends sitting in a quiet room after an argument. The scene needs background music that feels melodic. The musical atmosphere should lean toward dance, electronic, pop. The music should work as emotional underscore without overpowering dialogue. The pacing should feel medium, and the emotional tension is low.",melodic,dance|electronic|pop,"mood/theme: drama, emotional, horror, soft; genre: chillout, classical, experimental, folk, pop, soundtrack",drama|emotional|horror|soft,chillout|classical|experimental|folk|pop|soundtrack
23,5,track_0006610,track_1177643,0,0.3953329920768738,"A short film scene showing two friends sitting in a quiet room after an argument. The scene needs background music that feels melodic. The musical atmosphere should lean toward dance, electronic, pop. The music should work as emotional underscore without overpowering dialogue. The pacing should feel medium, and the emotional tension is low.",melodic,dance|electronic|pop,"mood/theme: movie; genre: chillout, electronic, electropop",movie,chillout|electronic|electropop
24,1,track_1250065,track_1350945,0,0.4877651333808899,"A short film scene showing a light montage showing small moments of everyday happiness. The scene needs background music that feels advertising, fun, happy. The musical atmosphere should lean toward easylistening, pop, poprock. The music should work as emotional underscore without overpowering dialogue. The pacing should feel medium, and the emotional tension is low.",advertising|fun|happy,easylistening|pop|poprock,"mood/theme: background, emotional, inspiring, romantic; genre: classical, orchestral, soundtrack",background|emotional|inspiring|romantic,classical|orchestral|soundtrack
24,2,track_1250065,track_1119169,0,0.4771954417228699,"A short film scene showing a light montage showing small moments of everyday happiness. The scene needs background music that feels advertising, fun, happy. The musical atmosphere should lean toward easylistening, pop, poprock. The music should work as emotional underscore without overpowering dialogue. The pacing should feel medium, and the emotional tension is low.",advertising|fun|happy,easylistening|pop|poprock,"mood/theme: love; genre: instrumentalpop, pop, soul, soundtrack",love,instrumentalpop|pop|soul|soundtrack
24,3,track_1250065,track_1139447,0,0.46235793828964233,"A short film scene showing a light montage showing small moments of everyday happiness. The scene needs background music that feels advertising, fun, happy. The musical atmosphere should lean toward easylistening, pop, poprock. The music should work as emotional underscore without overpowering dialogue. The pacing should feel medium, and the emotional tension is low.",advertising|fun|happy,easylistening|pop|poprock,"mood/theme: love; genre: eurodance, pop",love,eurodance|pop
24,4,track_1250065,track_1164985,0,0.4605180025100708,"A short film scene showing a light montage showing small moments of everyday happiness. The scene needs background music that feels advertising, fun, happy. The musical atmosphere should lean toward easylistening, pop, poprock. The music should work as emotional underscore without overpowering dialogue. The pacing should feel medium, and the emotional tension is low.",advertising|fun|happy,easylistening|pop|poprock,"mood/theme: film, love, slow; genre: folk, instrumentalpop, soundtrack",film|love|slow,folk|instrumentalpop|soundtrack
24,5,track_1250065,track_1134850,0,0.4562603235244751,"A short film scene showing a light montage showing small moments of everyday happiness. The scene needs background music that feels advertising, fun, happy. The musical atmosphere should lean toward easylistening, pop, poprock. The music should work as emotional underscore without overpowering dialogue. The pacing should feel medium, and the emotional tension is low.",advertising|fun|happy,easylistening|pop|poprock,"mood/theme: corporate; genre: classical, soundtrack",corporate,classical|soundtrack
25,1,track_1353280,track_1350945,0,0.6497622132301331,"A short film scene showing a bittersweet ending scene after a long emotional journey. The scene needs background music that feels deep, summer. The musical atmosphere should lean toward chillout, easylistening, house. The music should work as emotional underscore without overpowering dialogue. The pacing should feel medium, and the emotional tension is low.",deep|summer,chillout|easylistening|house,"mood/theme: background, emotional, inspiring, romantic; genre: classical, orchestral, soundtrack",background|emotional|inspiring|romantic,classical|orchestral|soundtrack
25,2,track_1353280,track_1347008,0,0.5696274042129517,"A short film scene showing a bittersweet ending scene after a long emotional journey. The scene needs background music that feels deep, summer. The musical atmosphere should lean toward chillout, easylistening, house. The music should work as emotional underscore without overpowering dialogue. The pacing should feel medium, and the emotional tension is low.",deep|summer,chillout|easylistening|house,"mood/theme: emotional, inspiring, romantic; genre: classical, orchestral, soundtrack",emotional|inspiring|romantic,classical|orchestral|soundtrack
25,3,track_1353280,track_0958479,0,0.5560556650161743,"A short film scene showing a bittersweet ending scene after a long emotional journey. The scene needs background music that feels deep, summer. The musical atmosphere should lean toward chillout, easylistening, house. The music should work as emotional underscore without overpowering dialogue. The pacing should feel medium, and the emotional tension is low.",deep|summer,chillout|easylistening|house,"mood/theme: emotional, meditative, melancholic; genre: classical, newage, soundtrack",emotional|meditative|melancholic,classical|newage|soundtrack
25,4,track_1353280,track_1297805,0,0.5551189184188843,"A short film scene showing a bittersweet ending scene after a long emotional journey. The scene needs background music that feels deep, summer. The musical atmosphere should lean toward chillout, easylistening, house. The music should work as emotional underscore without overpowering dialogue. The pacing should feel medium, and the emotional tension is low.",deep|summer,chillout|easylistening|house,"mood/theme: background, corporate, happy, motivational; genre: easylistening, orchestral, soundtrack",background|corporate|happy|motivational,easylistening|orchestral|soundtrack
25,5,track_1353280,track_1305095,0,0.5451939702033997,"A short film scene showing a bittersweet ending scene after a long emotional journey. The scene needs background music that feels deep, summer. The musical atmosphere should lean toward chillout, easylistening, house. The music should work as emotional underscore without overpowering dialogue. The pacing should feel medium, and the emotional tension is low.",deep|summer,chillout|easylistening|house,"mood/theme: drama, emotional, film, romantic, sad; genre: jazz, singersongwriter, soundtrack",drama|emotional|film|romantic|sad,jazz|singersongwriter|soundtrack
26,1,track_1032228,track_0947018,0,0.5029803514480591,"A short film scene showing a tense scene before an important decision. The scene needs background music that feels soundscape. The musical atmosphere should lean toward ambient, electronic. The music should work as emotional underscore without overpowering dialogue. The pacing should feel medium, and the emotional tension is low.",soundscape,ambient|electronic,"mood/theme: dark, drama, film, movie; genre: classical, soundtrack",dark|drama|film|movie,classical|soundtrack
26,2,track_1032228,track_0255567,0,0.4932686984539032,"A short film scene showing a tense scene before an important decision. The scene needs background music that feels soundscape. The musical atmosphere should lean toward ambient, electronic. The music should work as emotional underscore without overpowering dialogue. The pacing should feel medium, and the emotional tension is low.",soundscape,ambient|electronic,"mood/theme: space, travel; genre: ambient, soundtrack",space|travel,ambient|soundtrack
26,3,track_1032228,track_0244937,0,0.48476672172546387,"A short film scene showing a tense scene before an important decision. The scene needs background music that feels soundscape. The musical atmosphere should lean toward ambient, electronic. The music should work as emotional underscore without overpowering dialogue. The pacing should feel medium, and the emotional tension is low.",soundscape,ambient|electronic,"mood/theme: action, documentary, emotional; genre: classical, contemporary, electronic, soundtrack",action|documentary|emotional,classical|contemporary|electronic|soundtrack
26,4,track_1032228,track_1350945,0,0.4732275605201721,"A short film scene showing a tense scene before an important decision. The scene needs background music that feels soundscape. The musical atmosphere should lean toward ambient, electronic. The music should work as emotional underscore without overpowering dialogue. The pacing should feel medium, and the emotional tension is low.",soundscape,ambient|electronic,"mood/theme: background, emotional, inspiring, romantic; genre: classical, orchestral, soundtrack",background|emotional|inspiring|romantic,classical|orchestral|soundtrack
26,5,track_1032228,track_0398174,0,0.46376317739486694,"A short film scene showing a tense scene before an important decision. The scene needs background music that feels soundscape. The musical atmosphere should lean toward ambient, electronic. The music should work as emotional underscore without overpowering dialogue. The pacing should feel medium, and the emotional tension is low.",soundscape,ambient|electronic,"mood/theme: film, movie; genre: ambient, soundtrack",film|movie,ambient|soundtrack
27,1,track_0873555,track_1350945,0,0.5486603379249573,"A short film scene showing a tense scene before an important decision. The scene needs background music that feels background, melodic. The musical atmosphere should lean toward fusion, improvisation, jazz. The music should work as emotional underscore without overpowering dialogue. The pacing should feel medium, and the emotional tension is low.",background|melodic,fusion|improvisation|jazz,"mood/theme: background, emotional, inspiring, romantic; genre: classical, orchestral, soundtrack",background|emotional|inspiring|romantic,classical|orchestral|soundtrack
27,2,track_0873555,track_1297805,0,0.47336626052856445,"A short film scene showing a tense scene before an important decision. The scene needs background music that feels background, melodic. The musical atmosphere should lean toward fusion, improvisation, jazz. The music should work as emotional underscore without overpowering dialogue. The pacing should feel medium, and the emotional tension is low.",background|melodic,fusion|improvisation|jazz,"mood/theme: background, corporate, happy, motivational; genre: easylistening, orchestral, soundtrack",background|corporate|happy|motivational,easylistening|orchestral|soundtrack
27,3,track_0873555,track_1347008,0,0.46736714243888855,"A short film scene showing a tense scene before an important decision. The scene needs background music that feels background, melodic. The musical atmosphere should lean toward fusion, improvisation, jazz. The music should work as emotional underscore without overpowering dialogue. The pacing should feel medium, and the emotional tension is low.",background|melodic,fusion|improvisation|jazz,"mood/theme: emotional, inspiring, romantic; genre: classical, orchestral, soundtrack",emotional|inspiring|romantic,classical|orchestral|soundtrack
27,4,track_0873555,track_1305095,0,0.4633316397666931,"A short film scene showing a tense scene before an important decision. The scene needs background music that feels background, melodic. The musical atmosphere should lean toward fusion, improvisation, jazz. The music should work as emotional underscore without overpowering dialogue. The pacing should feel medium, and the emotional tension is low.",background|melodic,fusion|improvisation|jazz,"mood/theme: drama, emotional, film, romantic, sad; genre: jazz, singersongwriter, soundtrack",drama|emotional|film|romantic|sad,jazz|singersongwriter|soundtrack
27,5,track_0873555,track_0958479,0,0.44911426305770874,"A short film scene showing a tense scene before an important decision. The scene needs background music that feels background, melodic. The musical atmosphere should lean toward fusion, improvisation, jazz. The music should work as emotional underscore without overpowering dialogue. The pacing should feel medium, and the emotional tension is low.",background|melodic,fusion|improvisation|jazz,"mood/theme: emotional, meditative, melancholic; genre: classical, newage, soundtrack",emotional|meditative|melancholic,classical|newage|soundtrack
28,1,track_1020438,track_1350945,0,0.5268346071243286,"A short film scene showing a tense scene before an important decision. The scene needs background music that feels adventure. The musical atmosphere should lean toward dance, funk, jazz. The music should work as emotional underscore without overpowering dialogue. The pacing should feel medium, and the emotional tension is low.",adventure,dance|funk|jazz,"mood/theme: background, emotional, inspiring, romantic; genre: classical, orchestral, soundtrack",background|emotional|inspiring|romantic,classical|orchestral|soundtrack
28,2,track_1020438,track_1264204,0,0.5087023377418518,"A short film scene showing a tense scene before an important decision. The scene needs background music that feels adventure. The musical atmosphere should lean toward dance, funk, jazz. The music should work as emotional underscore without overpowering dialogue. The pacing should feel medium, and the emotional tension is low.",adventure,dance|funk|jazz,"mood/theme: movie; genre: breakbeat, chillout, soundtrack",movie,breakbeat|chillout|soundtrack
28,3,track_1020438,track_0342260,0,0.47610193490982056,"A short film scene showing a tense scene before an important decision. The scene needs background music that feels adventure. The musical atmosphere should lean toward dance, funk, jazz. The music should work as emotional underscore without overpowering dialogue. The pacing should feel medium, and the emotional tension is low.",adventure,dance|funk|jazz,"mood/theme: adventure, corporate, film; genre: classical, soundtrack",adventure|corporate|film,classical|soundtrack
28,4,track_1020438,track_1134850,0,0.4755919873714447,"A short film scene showing a tense scene before an important decision. The scene needs background music that feels adventure. The musical atmosphere should lean toward dance, funk, jazz. The music should work as emotional underscore without overpowering dialogue. The pacing should feel medium, and the emotional tension is low.",adventure,dance|funk|jazz,"mood/theme: corporate; genre: classical, soundtrack",corporate,classical|soundtrack
28,5,track_1020438,track_1297805,0,0.4728744626045227,"A short film scene showing a tense scene before an important decision. The scene needs background music that feels adventure. The musical atmosphere should lean toward dance, funk, jazz. The music should work as emotional underscore without overpowering dialogue. The pacing should feel medium, and the emotional tension is low.",adventure,dance|funk|jazz,"mood/theme: background, corporate, happy, motivational; genre: easylistening, orchestral, soundtrack",background|corporate|happy|motivational,easylistening|orchestral|soundtrack
29,1,track_1352527,track_1350945,0,0.5266033411026001,"A short film scene showing a character walking alone through an empty street at night. The scene needs background music that feels dream, love. The musical atmosphere should lean toward pop, poprock. The music should work as emotional underscore without overpowering dialogue. The pacing should feel medium, and the emotional tension is low.",dream|love,pop|poprock,"mood/theme: background, emotional, inspiring, romantic; genre: classical, orchestral, soundtrack",background|emotional|inspiring|romantic,classical|orchestral|soundtrack
29,2,track_1352527,track_1305095,0,0.5166974067687988,"A short film scene showing a character walking alone through an empty street at night. The scene needs background music that feels dream, love. The musical atmosphere should lean toward pop, poprock. The music should work as emotional underscore without overpowering dialogue. The pacing should feel medium, and the emotional tension is low.",dream|love,pop|poprock,"mood/theme: drama, emotional, film, romantic, sad; genre: jazz, singersongwriter, soundtrack",drama|emotional|film|romantic|sad,jazz|singersongwriter|soundtrack
29,3,track_1352527,track_1361404,0,0.5166038274765015,"A short film scene showing a character walking alone through an empty street at night. The scene needs background music that feels dream, love. The musical atmosphere should lean toward pop, poprock. The music should work as emotional underscore without overpowering dialogue. The pacing should feel medium, and the emotional tension is low.",dream|love,pop|poprock,"mood/theme: melancholic; genre: ambient, atmospheric, soundtrack",melancholic,ambient|atmospheric|soundtrack
29,4,track_1352527,track_0958479,0,0.5049542188644409,"A short film scene showing a character walking alone through an empty street at night. The scene needs background music that feels dream, love. The musical atmosphere should lean toward pop, poprock. The music should work as emotional underscore without overpowering dialogue. The pacing should feel medium, and the emotional tension is low.",dream|love,pop|poprock,"mood/theme: emotional, meditative, melancholic; genre: classical, newage, soundtrack",emotional|meditative|melancholic,classical|newage|soundtrack
29,5,track_1352527,track_0604700,0,0.4880761504173279,"A short film scene showing a character walking alone through an empty street at night. The scene needs background music that feels dream, love. The musical atmosphere should lean toward pop, poprock. The music should work as emotional underscore without overpowering dialogue. The pacing should feel medium, and the emotional tension is low.",dream|love,pop|poprock,"mood/theme: emotional, romantic, soft; genre: pop, poprock",emotional|romantic|soft,pop|poprock
