query_index,rank,query_track_id,retrieved_track_id,is_exact_match,score,query_scene,query_tags,retrieved_music_description,retrieved_tags
0,1,track_1021915,track_1048765,0,0.6467165946960449,"A short film scene showing two friends sitting in a quiet room after an argument. The scene needs background music that feels emotional. The musical atmosphere should lean toward easylistening, newage. The music should work as emotional underscore without overpowering dialogue. The pacing should feel medium, and the emotional tension is medium.",emotional,"mood/theme: emotional, film; genre: ambient, soundtrack",emotional|film
0,2,track_1021915,track_0874648,0,0.645555317401886,"A short film scene showing two friends sitting in a quiet room after an argument. The scene needs background music that feels emotional. The musical atmosphere should lean toward easylistening, newage. The music should work as emotional underscore without overpowering dialogue. The pacing should feel medium, and the emotional tension is medium.",emotional,"mood/theme: emotional, film; genre: classical, soundtrack",emotional|film
0,3,track_1021915,track_1048771,0,0.6317018866539001,"A short film scene showing two friends sitting in a quiet room after an argument. The scene needs background music that feels emotional. The musical atmosphere should lean toward easylistening, newage. The music should work as emotional underscore without overpowering dialogue. The pacing should feel medium, and the emotional tension is medium.",emotional,"mood/theme: emotional, film; genre: ambient, classical, soundtrack",emotional|film
0,4,track_1021915,track_1048372,0,0.6317018866539001,"A short film scene showing two friends sitting in a quiet room after an argument. The scene needs background music that feels emotional. The musical atmosphere should lean toward easylistening, newage. The music should work as emotional underscore without overpowering dialogue. The pacing should feel medium, and the emotional tension is medium.",emotional,"mood/theme: emotional, film; genre: ambient, classical, soundtrack",emotional|film
0,5,track_1021915,track_1037711,0,0.6250810623168945,"A short film scene showing two friends sitting in a quiet room after an argument. The scene needs background music that feels emotional. The musical atmosphere should lean toward easylistening, newage. The music should work as emotional underscore without overpowering dialogue. The pacing should feel medium, and the emotional tension is medium.",emotional,"mood/theme: emotional, film; genre: newage",emotional|film
1,1,track_1298276,track_1338307,0,0.6649144291877747,"A short film scene showing a suspenseful scene where the character feels watched. The scene needs background music that feels dark, dramatic. The musical atmosphere should lean toward classical, orchestral, soundtrack. The music should work as emotional underscore without overpowering dialogue. The pacing should feel medium, and the emotional tension is high.",dark|dramatic,"mood/theme: dark, dramatic, film; genre: classical, orchestral, soundtrack",dark|dramatic|film
1,2,track_1298276,track_1342579,0,0.6529277563095093,"A short film scene showing a suspenseful scene where the character feels watched. The scene needs background music that feels dark, dramatic. The musical atmosphere should lean toward classical, orchestral, soundtrack. The music should work as emotional underscore without overpowering dialogue. The pacing should feel medium, and the emotional tension is high.",dark|dramatic,"mood/theme: dramatic, emotional, romantic, trailer; genre: classical, orchestral, soundtrack",dramatic|emotional|romantic|trailer
1,3,track_1298276,track_1298276,1,0.6413869857788086,"A short film scene showing a suspenseful scene where the character feels watched. The scene needs background music that feels dark, dramatic. The musical atmosphere should lean toward classical, orchestral, soundtrack. The music should work as emotional underscore without overpowering dialogue. The pacing should feel medium, and the emotional tension is high.",dark|dramatic,"mood/theme: dark, dramatic; genre: classical, orchestral, soundtrack",dark|dramatic
1,4,track_1298276,track_0874648,0,0.6403603553771973,"A short film scene showing a suspenseful scene where the character feels watched. The scene needs background music that feels dark, dramatic. The musical atmosphere should lean toward classical, orchestral, soundtrack. The music should work as emotional underscore without overpowering dialogue. The pacing should feel medium, and the emotional tension is high.",dark|dramatic,"mood/theme: emotional, film; genre: classical, soundtrack",emotional|film
1,5,track_1298276,track_0947018,0,0.637825608253479,"A short film scene showing a suspenseful scene where the character feels watched. The scene needs background music that feels dark, dramatic. The musical atmosphere should lean toward classical, orchestral, soundtrack. The music should work as emotional underscore without overpowering dialogue. The pacing should feel medium, and the emotional tension is high.",dark|dramatic,"mood/theme: dark, drama, film, movie; genre: classical, soundtrack",dark|drama|film|movie
2,1,track_1287056,track_0874648,0,0.6658512353897095,"A short film scene showing two friends sitting in a quiet room after an argument. The scene needs background music that feels sad. The musical atmosphere should lean toward classical, newage. The music should work as emotional underscore without overpowering dialogue. The pacing should feel slow, and the emotional tension is medium.",sad,"mood/theme: emotional, film; genre: classical, soundtrack",emotional|film
2,2,track_1287056,track_1028912,0,0.6412463188171387,"A short film scene showing two friends sitting in a quiet room after an argument. The scene needs background music that feels sad. The musical atmosphere should lean toward classical, newage. The music should work as emotional underscore without overpowering dialogue. The pacing should feel slow, and the emotional tension is medium.",sad,mood/theme: sad; genre: classical,sad
2,3,track_1287056,track_1028908,0,0.6412463188171387,"A short film scene showing two friends sitting in a quiet room after an argument. The scene needs background music that feels sad. The musical atmosphere should lean toward classical, newage. The music should work as emotional underscore without overpowering dialogue. The pacing should feel slow, and the emotional tension is medium.",sad,mood/theme: sad; genre: classical,sad
2,4,track_1287056,track_1048372,0,0.6377483606338501,"A short film scene showing two friends sitting in a quiet room after an argument. The scene needs background music that feels sad. The musical atmosphere should lean toward classical, newage. The music should work as emotional underscore without overpowering dialogue. The pacing should feel slow, and the emotional tension is medium.",sad,"mood/theme: emotional, film; genre: ambient, classical, soundtrack",emotional|film
2,5,track_1287056,track_1048771,0,0.6377483606338501,"A short film scene showing two friends sitting in a quiet room after an argument. The scene needs background music that feels sad. The musical atmosphere should lean toward classical, newage. The music should work as emotional underscore without overpowering dialogue. The pacing should feel slow, and the emotional tension is medium.",sad,"mood/theme: emotional, film; genre: ambient, classical, soundtrack",emotional|film
3,1,track_0442602,track_0442602,1,0.6542555093765259,"A short film scene showing a tense scene before an important decision. The scene needs background music that feels film. The musical atmosphere should lean toward chillout, easylistening, electronic. The music should work as emotional underscore without overpowering dialogue. The pacing should feel medium, and the emotional tension is low.",film,"mood/theme: film; genre: chillout, easylistening, electronic, soundtrack",film
3,2,track_0442602,track_1310106,0,0.6512532234191895,"A short film scene showing a tense scene before an important decision. The scene needs background music that feels film. The musical atmosphere should lean toward chillout, easylistening, electronic. The music should work as emotional underscore without overpowering dialogue. The pacing should feel medium, and the emotional tension is low.",film,"mood/theme: film, positive, sad; genre: ambient, atmospheric, chillout",film|positive|sad
3,3,track_0442602,track_1048372,0,0.6497544646263123,"A short film scene showing a tense scene before an important decision. The scene needs background music that feels film. The musical atmosphere should lean toward chillout, easylistening, electronic. The music should work as emotional underscore without overpowering dialogue. The pacing should feel medium, and the emotional tension is low.",film,"mood/theme: emotional, film; genre: ambient, classical, soundtrack",emotional|film
3,4,track_0442602,track_1048771,0,0.6497544646263123,"A short film scene showing a tense scene before an important decision. The scene needs background music that feels film. The musical atmosphere should lean toward chillout, easylistening, electronic. The music should work as emotional underscore without overpowering dialogue. The pacing should feel medium, and the emotional tension is low.",film,"mood/theme: emotional, film; genre: ambient, classical, soundtrack",emotional|film
3,5,track_0442602,track_0874648,0,0.6497094631195068,"A short film scene showing a tense scene before an important decision. The scene needs background music that feels film. The musical atmosphere should lean toward chillout, easylistening, electronic. The music should work as emotional underscore without overpowering dialogue. The pacing should feel medium, and the emotional tension is low.",film,"mood/theme: emotional, film; genre: classical, soundtrack",emotional|film
4,1,track_1066503,track_1310106,0,0.6802598237991333,"A short film scene showing a bright outdoor scene where the character starts to feel hopeful. The scene needs background music that feels advertising, happy, positive, uplifting. The musical atmosphere should lean toward pop. The music should work as emotional underscore without overpowering dialogue. The pacing should feel medium, and the emotional tension is low.",advertising|happy|positive|uplifting,"mood/theme: film, positive, sad; genre: ambient, atmospheric, chillout",film|positive|sad
4,2,track_1066503,track_1173501,0,0.6623494625091553,"A short film scene showing a bright outdoor scene where the character starts to feel hopeful. The scene needs background music that feels advertising, happy, positive, uplifting. The musical atmosphere should lean toward pop. The music should work as emotional underscore without overpowering dialogue. The pacing should feel medium, and the emotional tension is low.",advertising|happy|positive|uplifting,"mood/theme: movie; genre: ambient, atmospheric, soundtrack",movie
4,3,track_1066503,track_1173497,0,0.6623494625091553,"A short film scene showing a bright outdoor scene where the character starts to feel hopeful. The scene needs background music that feels advertising, happy, positive, uplifting. The musical atmosphere should lean toward pop. The music should work as emotional underscore without overpowering dialogue. The pacing should feel medium, and the emotional tension is low.",advertising|happy|positive|uplifting,"mood/theme: movie; genre: ambient, atmospheric, soundtrack",movie
4,4,track_1066503,track_1342579,0,0.6577117443084717,"A short film scene showing a bright outdoor scene where the character starts to feel hopeful. The scene needs background music that feels advertising, happy, positive, uplifting. The musical atmosphere should lean toward pop. The music should work as emotional underscore without overpowering dialogue. The pacing should feel medium, and the emotional tension is low.",advertising|happy|positive|uplifting,"mood/theme: dramatic, emotional, romantic, trailer; genre: classical, orchestral, soundtrack",dramatic|emotional|romantic|trailer
4,5,track_1066503,track_1329938,0,0.6539257764816284,"A short film scene showing a bright outdoor scene where the character starts to feel hopeful. The scene needs background music that feels advertising, happy, positive, uplifting. The musical atmosphere should lean toward pop. The music should work as emotional underscore without overpowering dialogue. The pacing should feel medium, and the emotional tension is low.",advertising|happy|positive|uplifting,"mood/theme: happy, inspiring, motivational, sad, uplifting; genre: atmospheric, soundtrack, world",happy|inspiring|motivational|sad|uplifting
5,1,track_0620607,track_1048765,0,0.6707149744033813,"A short film scene showing two friends sitting in a quiet room after an argument. The scene needs background music that feels cool. The musical atmosphere should lean toward ambient, chillout, electronic. The music should work as emotional underscore without overpowering dialogue. The pacing should feel medium, and the emotional tension is low.",cool,"mood/theme: emotional, film; genre: ambient, soundtrack",emotional|film
5,2,track_0620607,track_1310106,0,0.6651829481124878,"A short film scene showing two friends sitting in a quiet room after an argument. The scene needs background music that feels cool. The musical atmosphere should lean toward ambient, chillout, electronic. The music should work as emotional underscore without overpowering dialogue. The pacing should feel medium, and the emotional tension is low.",cool,"mood/theme: film, positive, sad; genre: ambient, atmospheric, chillout",film|positive|sad
5,3,track_0620607,track_1173502,0,0.6616835594177246,"A short film scene showing two friends sitting in a quiet room after an argument. The scene needs background music that feels cool. The musical atmosphere should lean toward ambient, chillout, electronic. The music should work as emotional underscore without overpowering dialogue. The pacing should feel medium, and the emotional tension is low.",cool,"mood/theme: movie; genre: ambient, atmospheric, electronic, soundtrack",movie
5,4,track_0620607,track_1173501,0,0.6615918874740601,"A short film scene showing two friends sitting in a quiet room after an argument. The scene needs background music that feels cool. The musical atmosphere should lean toward ambient, chillout, electronic. The music should work as emotional underscore without overpowering dialogue. The pacing should feel medium, and the emotional tension is low.",cool,"mood/theme: movie; genre: ambient, atmospheric, soundtrack",movie
5,5,track_0620607,track_1173497,0,0.6615918874740601,"A short film scene showing two friends sitting in a quiet room after an argument. The scene needs background music that feels cool. The musical atmosphere should lean toward ambient, chillout, electronic. The music should work as emotional underscore without overpowering dialogue. The pacing should feel medium, and the emotional tension is low.",cool,"mood/theme: movie; genre: ambient, atmospheric, soundtrack",movie
6,1,track_0250990,track_1048765,0,0.614180326461792,"A short film scene showing two friends sitting in a quiet room after an argument. The scene needs background music that feels dream. The musical atmosphere should lean toward cinematic. The music should work as emotional underscore without overpowering dialogue. The pacing should feel medium, and the emotional tension is low.",dream,"mood/theme: emotional, film; genre: ambient, soundtrack",emotional|film
6,2,track_0250990,track_0874648,0,0.6097800731658936,"A short film scene showing two friends sitting in a quiet room after an argument. The scene needs background music that feels dream. The musical atmosphere should lean toward cinematic. The music should work as emotional underscore without overpowering dialogue. The pacing should feel medium, and the emotional tension is low.",dream,"mood/theme: emotional, film; genre: classical, soundtrack",emotional|film
6,3,track_0250990,track_1173501,0,0.6027191877365112,"A short film scene showing two friends sitting in a quiet room after an argument. The scene needs background music that feels dream. The musical atmosphere should lean toward cinematic. The music should work as emotional underscore without overpowering dialogue. The pacing should feel medium, and the emotional tension is low.",dream,"mood/theme: movie; genre: ambient, atmospheric, soundtrack",movie
6,4,track_0250990,track_1173497,0,0.6027191877365112,"A short film scene showing two friends sitting in a quiet room after an argument. The scene needs background music that feels dream. The musical atmosphere should lean toward cinematic. The music should work as emotional underscore without overpowering dialogue. The pacing should feel medium, and the emotional tension is low.",dream,"mood/theme: movie; genre: ambient, atmospheric, soundtrack",movie
6,5,track_0250990,track_1048372,0,0.597648024559021,"A short film scene showing two friends sitting in a quiet room after an argument. The scene needs background music that feels dream. The musical atmosphere should lean toward cinematic. The music should work as emotional underscore without overpowering dialogue. The pacing should feel medium, and the emotional tension is low.",dream,"mood/theme: emotional, film; genre: ambient, classical, soundtrack",emotional|film
7,1,track_0843208,track_1038723,0,0.6413146257400513,"A short film scene showing two friends sitting in a quiet room after an argument. The scene needs background music that feels meditative. The musical atmosphere should lean toward folk, newage, orchestral. The music should work as emotional underscore without overpowering dialogue. The pacing should feel slow, and the emotional tension is low.",meditative,"mood/theme: movie; genre: choir, classical, orchestral",movie
7,2,track_0843208,track_0769426,0,0.6362459659576416,"A short film scene showing two friends sitting in a quiet room after an argument. The scene needs background music that feels meditative. The musical atmosphere should lean toward folk, newage, orchestral. The music should work as emotional underscore without overpowering dialogue. The pacing should feel slow, and the emotional tension is low.",meditative,"mood/theme: meditative; genre: folk, newage, soundtrack, world",meditative
7,3,track_0843208,track_0874648,0,0.6312819719314575,"A short film scene showing two friends sitting in a quiet room after an argument. The scene needs background music that feels meditative. The musical atmosphere should lean toward folk, newage, orchestral. The music should work as emotional underscore without overpowering dialogue. The pacing should feel slow, and the emotional tension is low.",meditative,"mood/theme: emotional, film; genre: classical, soundtrack",emotional|film
7,4,track_0843208,track_1048771,0,0.6250705718994141,"A short film scene showing two friends sitting in a quiet room after an argument. The scene needs background music that feels meditative. The musical atmosphere should lean toward folk, newage, orchestral. The music should work as emotional underscore without overpowering dialogue. The pacing should feel slow, and the emotional tension is low.",meditative,"mood/theme: emotional, film; genre: ambient, classical, soundtrack",emotional|film
7,5,track_0843208,track_1048372,0,0.6250705718994141,"A short film scene showing two friends sitting in a quiet room after an argument. The scene needs background music that feels meditative. The musical atmosphere should lean toward folk, newage, orchestral. The music should work as emotional underscore without overpowering dialogue. The pacing should feel slow, and the emotional tension is low.",meditative,"mood/theme: emotional, film; genre: ambient, classical, soundtrack",emotional|film
8,1,track_1372069,track_1372069,1,0.7096670866012573,"A short film scene showing a night-time scene where the mood slowly becomes uncertain. The scene needs background music that feels dark. The musical atmosphere should lean toward club, experimental, soundtrack. The music should work as emotional underscore without overpowering dialogue. The pacing should feel medium, and the emotional tension is high.",dark,"mood/theme: dark; genre: club, experimental, soundtrack",dark
8,2,track_1372069,track_1338307,0,0.6981295943260193,"A short film scene showing a night-time scene where the mood slowly becomes uncertain. The scene needs background music that feels dark. The musical atmosphere should lean toward club, experimental, soundtrack. The music should work as emotional underscore without overpowering dialogue. The pacing should feel medium, and the emotional tension is high.",dark,"mood/theme: dark, dramatic, film; genre: classical, orchestral, soundtrack",dark|dramatic|film
8,3,track_1372069,track_1173497,0,0.6827793121337891,"A short film scene showing a night-time scene where the mood slowly becomes uncertain. The scene needs background music that feels dark. The musical atmosphere should lean toward club, experimental, soundtrack. The music should work as emotional underscore without overpowering dialogue. The pacing should feel medium, and the emotional tension is high.",dark,"mood/theme: movie; genre: ambient, atmospheric, soundtrack",movie
8,4,track_1372069,track_1173501,0,0.6827793121337891,"A short film scene showing a night-time scene where the mood slowly becomes uncertain. The scene needs background music that feels dark. The musical atmosphere should lean toward club, experimental, soundtrack. The music should work as emotional underscore without overpowering dialogue. The pacing should feel medium, and the emotional tension is high.",dark,"mood/theme: movie; genre: ambient, atmospheric, soundtrack",movie
8,5,track_1372069,track_0947018,0,0.6806938052177429,"A short film scene showing a night-time scene where the mood slowly becomes uncertain. The scene needs background music that feels dark. The musical atmosphere should lean toward club, experimental, soundtrack. The music should work as emotional underscore without overpowering dialogue. The pacing should feel medium, and the emotional tension is high.",dark,"mood/theme: dark, drama, film, movie; genre: classical, soundtrack",dark|drama|film|movie
9,1,track_1314750,track_1310106,0,0.6624962091445923,"A short film scene showing a suspenseful scene where the character feels watched. The scene needs background music that feels corporate, motivational. The musical atmosphere should lean toward dance, house, trance. The music should work as emotional underscore without overpowering dialogue. The pacing should feel medium, and the emotional tension is low.",corporate|motivational,"mood/theme: film, positive, sad; genre: ambient, atmospheric, chillout",film|positive|sad
9,2,track_1314750,track_1048765,0,0.6570755243301392,"A short film scene showing a suspenseful scene where the character feels watched. The scene needs background music that feels corporate, motivational. The musical atmosphere should lean toward dance, house, trance. The music should work as emotional underscore without overpowering dialogue. The pacing should feel medium, and the emotional tension is low.",corporate|motivational,"mood/theme: emotional, film; genre: ambient, soundtrack",emotional|film
9,3,track_1314750,track_1173501,0,0.653270423412323,"A short film scene showing a suspenseful scene where the character feels watched. The scene needs background music that feels corporate, motivational. The musical atmosphere should lean toward dance, house, trance. The music should work as emotional underscore without overpowering dialogue. The pacing should feel medium, and the emotional tension is low.",corporate|motivational,"mood/theme: movie; genre: ambient, atmospheric, soundtrack",movie
9,4,track_1314750,track_1173497,0,0.653270423412323,"A short film scene showing a suspenseful scene where the character feels watched. The scene needs background music that feels corporate, motivational. The musical atmosphere should lean toward dance, house, trance. The music should work as emotional underscore without overpowering dialogue. The pacing should feel medium, and the emotional tension is low.",corporate|motivational,"mood/theme: movie; genre: ambient, atmospheric, soundtrack",movie
9,5,track_1314750,track_1048771,0,0.6531652212142944,"A short film scene showing a suspenseful scene where the character feels watched. The scene needs background music that feels corporate, motivational. The musical atmosphere should lean toward dance, house, trance. The music should work as emotional underscore without overpowering dialogue. The pacing should feel medium, and the emotional tension is low.",corporate|motivational,"mood/theme: emotional, film; genre: ambient, classical, soundtrack",emotional|film
10,1,track_0769426,track_0769426,1,0.6579699516296387,"A short film scene showing a quiet conversation where something remains unsaid. The scene needs background music that feels meditative. The musical atmosphere should lean toward folk, newage, soundtrack. The music should work as emotional underscore without overpowering dialogue. The pacing should feel slow, and the emotional tension is low.",meditative,"mood/theme: meditative; genre: folk, newage, soundtrack, world",meditative
10,2,track_0769426,track_1048765,0,0.6520532369613647,"A short film scene showing a quiet conversation where something remains unsaid. The scene needs background music that feels meditative. The musical atmosphere should lean toward folk, newage, soundtrack. The music should work as emotional underscore without overpowering dialogue. The pacing should feel slow, and the emotional tension is low.",meditative,"mood/theme: emotional, film; genre: ambient, soundtrack",emotional|film
10,3,track_0769426,track_1048771,0,0.6519044637680054,"A short film scene showing a quiet conversation where something remains unsaid. The scene needs background music that feels meditative. The musical atmosphere should lean toward folk, newage, soundtrack. The music should work as emotional underscore without overpowering dialogue. The pacing should feel slow, and the emotional tension is low.",meditative,"mood/theme: emotional, film; genre: ambient, classical, soundtrack",emotional|film
10,4,track_0769426,track_1048372,0,0.6519044637680054,"A short film scene showing a quiet conversation where something remains unsaid. The scene needs background music that feels meditative. The musical atmosphere should lean toward folk, newage, soundtrack. The music should work as emotional underscore without overpowering dialogue. The pacing should feel slow, and the emotional tension is low.",meditative,"mood/theme: emotional, film; genre: ambient, classical, soundtrack",emotional|film
10,5,track_0769426,track_1418441,0,0.6472809910774231,"A short film scene showing a quiet conversation where something remains unsaid. The scene needs background music that feels meditative. The musical atmosphere should lean toward folk, newage, soundtrack. The music should work as emotional underscore without overpowering dialogue. The pacing should feel slow, and the emotional tension is low.",meditative,"mood/theme: relaxing; genre: atmospheric, newage, soundtrack",relaxing
11,1,track_1319785,track_1342579,0,0.6688576936721802,"A short film scene showing a suspenseful scene where the character feels watched. The scene needs background music that feels epic, movie. The musical atmosphere should lean toward orchestral, soundtrack. The music should work as emotional underscore without overpowering dialogue. The pacing should feel medium, and the emotional tension is high.",epic|movie,"mood/theme: dramatic, emotional, romantic, trailer; genre: classical, orchestral, soundtrack",dramatic|emotional|romantic|trailer
11,2,track_1319785,track_1338307,0,0.6578882932662964,"A short film scene showing a suspenseful scene where the character feels watched. The scene needs background music that feels epic, movie. The musical atmosphere should lean toward orchestral, soundtrack. The music should work as emotional underscore without overpowering dialogue. The pacing should feel medium, and the emotional tension is high.",epic|movie,"mood/theme: dark, dramatic, film; genre: classical, orchestral, soundtrack",dark|dramatic|film
11,3,track_1319785,track_1348717,0,0.6536036133766174,"A short film scene showing a suspenseful scene where the character feels watched. The scene needs background music that feels epic, movie. The musical atmosphere should lean toward orchestral, soundtrack. The music should work as emotional underscore without overpowering dialogue. The pacing should feel medium, and the emotional tension is high.",epic|movie,"mood/theme: action, dramatic, epic, trailer; genre: classical, orchestral, soundtrack",action|dramatic|epic|trailer
11,4,track_1319785,track_0874648,0,0.6529284715652466,"A short film scene showing a suspenseful scene where the character feels watched. The scene needs background music that feels epic, movie. The musical atmosphere should lean toward orchestral, soundtrack. The music should work as emotional underscore without overpowering dialogue. The pacing should feel medium, and the emotional tension is high.",epic|movie,"mood/theme: emotional, film; genre: classical, soundtrack",emotional|film
11,5,track_1319785,track_1011998,0,0.6515233516693115,"A short film scene showing a suspenseful scene where the character feels watched. The scene needs background music that feels epic, movie. The musical atmosphere should lean toward orchestral, soundtrack. The music should work as emotional underscore without overpowering dialogue. The pacing should feel medium, and the emotional tension is high.",epic|movie,"mood/theme: emotional, epic, film; genre: ambient, classical, soundtrack",emotional|epic|film
12,1,track_1157302,track_1173497,0,0.6568264961242676,"A short film scene showing a lonely interior scene with very little dialogue. The scene needs background music that feels romantic. The musical atmosphere should lean toward jazz, soundtrack. The music should work as emotional underscore without overpowering dialogue. The pacing should feel medium, and the emotional tension is low.",romantic,"mood/theme: movie; genre: ambient, atmospheric, soundtrack",movie
12,2,track_1157302,track_1173501,0,0.6568264961242676,"A short film scene showing a lonely interior scene with very little dialogue. The scene needs background music that feels romantic. The musical atmosphere should lean toward jazz, soundtrack. The music should work as emotional underscore without overpowering dialogue. The pacing should feel medium, and the emotional tension is low.",romantic,"mood/theme: movie; genre: ambient, atmospheric, soundtrack",movie
12,3,track_1157302,track_1014895,0,0.6529359817504883,"A short film scene showing a lonely interior scene with very little dialogue. The scene needs background music that feels romantic. The musical atmosphere should lean toward jazz, soundtrack. The music should work as emotional underscore without overpowering dialogue. The pacing should feel medium, and the emotional tension is low.",romantic,"mood/theme: film, romantic, trailer; genre: classical, soundtrack",film|romantic|trailer
12,4,track_1157302,track_1048765,0,0.6526960134506226,"A short film scene showing a lonely interior scene with very little dialogue. The scene needs background music that feels romantic. The musical atmosphere should lean toward jazz, soundtrack. The music should work as emotional underscore without overpowering dialogue. The pacing should feel medium, and the emotional tension is low.",romantic,"mood/theme: emotional, film; genre: ambient, soundtrack",emotional|film
12,5,track_1157302,track_1419228,0,0.6490640640258789,"A short film scene showing a lonely interior scene with very little dialogue. The scene needs background music that feels romantic. The musical atmosphere should lean toward jazz, soundtrack. The music should work as emotional underscore without overpowering dialogue. The pacing should feel medium, and the emotional tension is low.",romantic,"mood/theme: film, romantic; genre: ambient, atmospheric, symphonic",film|romantic
13,1,track_1244794,track_1338307,0,0.7288757562637329,"A short film scene showing a night-time scene where the mood slowly becomes uncertain. The scene needs background music that feels epic, film. The musical atmosphere should lean toward choir, orchestral, soundtrack. The music should work as emotional underscore without overpowering dialogue. The pacing should feel medium, and the emotional tension is high.",epic|film,"mood/theme: dark, dramatic, film; genre: classical, orchestral, soundtrack",dark|dramatic|film
13,2,track_1244794,track_1038723,0,0.7204460501670837,"A short film scene showing a night-time scene where the mood slowly becomes uncertain. The scene needs background music that feels epic, film. The musical atmosphere should lean toward choir, orchestral, soundtrack. The music should work as emotional underscore without overpowering dialogue. The pacing should feel medium, and the emotional tension is high.",epic|film,"mood/theme: movie; genre: choir, classical, orchestral",movie
13,3,track_1244794,track_0874648,0,0.719512939453125,"A short film scene showing a night-time scene where the mood slowly becomes uncertain. The scene needs background music that feels epic, film. The musical atmosphere should lean toward choir, orchestral, soundtrack. The music should work as emotional underscore without overpowering dialogue. The pacing should feel medium, and the emotional tension is high.",epic|film,"mood/theme: emotional, film; genre: classical, soundtrack",emotional|film
13,4,track_1244794,track_0778663,0,0.7123522758483887,"A short film scene showing a night-time scene where the mood slowly becomes uncertain. The scene needs background music that feels epic, film. The musical atmosphere should lean toward choir, orchestral, soundtrack. The music should work as emotional underscore without overpowering dialogue. The pacing should feel medium, and the emotional tension is high.",epic|film,"mood/theme: dark, epic, film; genre: classical, orchestral, soundtrack",dark|epic|film
13,5,track_1244794,track_1048765,0,0.7106226682662964,"A short film scene showing a night-time scene where the mood slowly becomes uncertain. The scene needs background music that feels epic, film. The musical atmosphere should lean toward choir, orchestral, soundtrack. The music should work as emotional underscore without overpowering dialogue. The pacing should feel medium, and the emotional tension is high.",epic|film,"mood/theme: emotional, film; genre: ambient, soundtrack",emotional|film
14,1,track_0126121,track_0121153,0,0.6939154863357544,"A short film scene showing a person looking at old photos and remembering the past. The scene needs background music that feels soundscape. The musical atmosphere should lean toward ambient, easylistening, progressive. The music should work as emotional underscore without overpowering dialogue. The pacing should feel medium, and the emotional tension is low.",soundscape,"mood/theme: film, sad; genre: ambient",film|sad
14,2,track_0126121,track_1048765,0,0.6866683959960938,"A short film scene showing a person looking at old photos and remembering the past. The scene needs background music that feels soundscape. The musical atmosphere should lean toward ambient, easylistening, progressive. The music should work as emotional underscore without overpowering dialogue. The pacing should feel medium, and the emotional tension is low.",soundscape,"mood/theme: emotional, film; genre: ambient, soundtrack",emotional|film
14,3,track_0126121,track_1048372,0,0.6858338117599487,"A short film scene showing a person looking at old photos and remembering the past. The scene needs background music that feels soundscape. The musical atmosphere should lean toward ambient, easylistening, progressive. The music should work as emotional underscore without overpowering dialogue. The pacing should feel medium, and the emotional tension is low.",soundscape,"mood/theme: emotional, film; genre: ambient, classical, soundtrack",emotional|film
14,4,track_0126121,track_1048771,0,0.6858338117599487,"A short film scene showing a person looking at old photos and remembering the past. The scene needs background music that feels soundscape. The musical atmosphere should lean toward ambient, easylistening, progressive. The music should work as emotional underscore without overpowering dialogue. The pacing should feel medium, and the emotional tension is low.",soundscape,"mood/theme: emotional, film; genre: ambient, classical, soundtrack",emotional|film
14,5,track_0126121,track_1310106,0,0.6811540126800537,"A short film scene showing a person looking at old photos and remembering the past. The scene needs background music that feels soundscape. The musical atmosphere should lean toward ambient, easylistening, progressive. The music should work as emotional underscore without overpowering dialogue. The pacing should feel medium, and the emotional tension is low.",soundscape,"mood/theme: film, positive, sad; genre: ambient, atmospheric, chillout",film|positive|sad
15,1,track_0020536,track_1048765,0,0.690338134765625,"A short film scene showing a light montage showing small moments of everyday happiness. The scene needs background music that feels fun. The musical atmosphere should lean toward alternative, easylistening, ethno. The music should work as emotional underscore without overpowering dialogue. The pacing should feel medium, and the emotional tension is low.",fun,"mood/theme: emotional, film; genre: ambient, soundtrack",emotional|film
15,2,track_0020536,track_1048372,0,0.6889960765838623,"A short film scene showing a light montage showing small moments of everyday happiness. The scene needs background music that feels fun. The musical atmosphere should lean toward alternative, easylistening, ethno. The music should work as emotional underscore without overpowering dialogue. The pacing should feel medium, and the emotional tension is low.",fun,"mood/theme: emotional, film; genre: ambient, classical, soundtrack",emotional|film
15,3,track_0020536,track_1048771,0,0.6889960765838623,"A short film scene showing a light montage showing small moments of everyday happiness. The scene needs background music that feels fun. The musical atmosphere should lean toward alternative, easylistening, ethno. The music should work as emotional underscore without overpowering dialogue. The pacing should feel medium, and the emotional tension is low.",fun,"mood/theme: emotional, film; genre: ambient, classical, soundtrack",emotional|film
15,4,track_0020536,track_1310106,0,0.6858582496643066,"A short film scene showing a light montage showing small moments of everyday happiness. The scene needs background music that feels fun. The musical atmosphere should lean toward alternative, easylistening, ethno. The music should work as emotional underscore without overpowering dialogue. The pacing should feel medium, and the emotional tension is low.",fun,"mood/theme: film, positive, sad; genre: ambient, atmospheric, chillout",film|positive|sad
15,5,track_0020536,track_0874648,0,0.6832857728004456,"A short film scene showing a light montage showing small moments of everyday happiness. The scene needs background music that feels fun. The musical atmosphere should lean toward alternative, easylistening, ethno. The music should work as emotional underscore without overpowering dialogue. The pacing should feel medium, and the emotional tension is low.",fun,"mood/theme: emotional, film; genre: classical, soundtrack",emotional|film
16,1,track_1356770,track_1338307,0,0.7169068455696106,"A short film scene showing a night-time scene where the mood slowly becomes uncertain. The scene needs background music that feels dark. The musical atmosphere should lean toward electronic, industrial, trance. The music should work as emotional underscore without overpowering dialogue. The pacing should feel medium, and the emotional tension is high.",dark,"mood/theme: dark, dramatic, film; genre: classical, orchestral, soundtrack",dark|dramatic|film
16,2,track_1356770,track_1048765,0,0.7126502990722656,"A short film scene showing a night-time scene where the mood slowly becomes uncertain. The scene needs background music that feels dark. The musical atmosphere should lean toward electronic, industrial, trance. The music should work as emotional underscore without overpowering dialogue. The pacing should feel medium, and the emotional tension is high.",dark,"mood/theme: emotional, film; genre: ambient, soundtrack",emotional|film
16,3,track_1356770,track_1048771,0,0.7070903778076172,"A short film scene showing a night-time scene where the mood slowly becomes uncertain. The scene needs background music that feels dark. The musical atmosphere should lean toward electronic, industrial, trance. The music should work as emotional underscore without overpowering dialogue. The pacing should feel medium, and the emotional tension is high.",dark,"mood/theme: emotional, film; genre: ambient, classical, soundtrack",emotional|film
16,4,track_1356770,track_1048372,0,0.7070903778076172,"A short film scene showing a night-time scene where the mood slowly becomes uncertain. The scene needs background music that feels dark. The musical atmosphere should lean toward electronic, industrial, trance. The music should work as emotional underscore without overpowering dialogue. The pacing should feel medium, and the emotional tension is high.",dark,"mood/theme: emotional, film; genre: ambient, classical, soundtrack",emotional|film
16,5,track_1356770,track_1310106,0,0.7054583430290222,"A short film scene showing a night-time scene where the mood slowly becomes uncertain. The scene needs background music that feels dark. The musical atmosphere should lean toward electronic, industrial, trance. The music should work as emotional underscore without overpowering dialogue. The pacing should feel medium, and the emotional tension is high.",dark,"mood/theme: film, positive, sad; genre: ambient, atmospheric, chillout",film|positive|sad
17,1,track_0742884,track_1348717,0,0.6207386255264282,"A short film scene showing a training montage where the character pushes past their limit. The scene needs background music that feels epic, powerful, trailer. The musical atmosphere should lean toward soundtrack. The music should work as emotional underscore without overpowering dialogue. The pacing should feel fast, and the emotional tension is high.",epic|powerful|trailer,"mood/theme: action, dramatic, epic, trailer; genre: classical, orchestral, soundtrack",action|dramatic|epic|trailer
17,2,track_0742884,track_1342579,0,0.6139379739761353,"A short film scene showing a training montage where the character pushes past their limit. The scene needs background music that feels epic, powerful, trailer. The musical atmosphere should lean toward soundtrack. The music should work as emotional underscore without overpowering dialogue. The pacing should feel fast, and the emotional tension is high.",epic|powerful|trailer,"mood/theme: dramatic, emotional, romantic, trailer; genre: classical, orchestral, soundtrack",dramatic|emotional|romantic|trailer
17,3,track_0742884,track_0975526,0,0.6126433610916138,"A short film scene showing a training montage where the character pushes past their limit. The scene needs background music that feels epic, powerful, trailer. The musical atmosphere should lean toward soundtrack. The music should work as emotional underscore without overpowering dialogue. The pacing should feel fast, and the emotional tension is high.",epic|powerful|trailer,"mood/theme: action, trailer; genre: choir, orchestral, soundtrack",action|trailer
17,4,track_0742884,track_1342574,0,0.5985013246536255,"A short film scene showing a training montage where the character pushes past their limit. The scene needs background music that feels epic, powerful, trailer. The musical atmosphere should lean toward soundtrack. The music should work as emotional underscore without overpowering dialogue. The pacing should feel fast, and the emotional tension is high.",epic|powerful|trailer,"mood/theme: energetic, epic, trailer; genre: classical, orchestral, soundtrack",energetic|epic|trailer
17,5,track_0742884,track_1216154,0,0.5974187254905701,"A short film scene showing a training montage where the character pushes past their limit. The scene needs background music that feels epic, powerful, trailer. The musical atmosphere should lean toward soundtrack. The music should work as emotional underscore without overpowering dialogue. The pacing should feel fast, and the emotional tension is high.",epic|powerful|trailer,"mood/theme: film, positive, trailer; genre: orchestral, soundtrack, symphonic",film|positive|trailer
18,1,track_0840599,track_1310106,0,0.6694728136062622,"A short film scene showing a bright outdoor scene where the character starts to feel hopeful. The scene needs background music that feels happy. The musical atmosphere should lean toward poprock, rock. The music should work as emotional underscore without overpowering dialogue. The pacing should feel medium, and the emotional tension is low.",happy,"mood/theme: film, positive, sad; genre: ambient, atmospheric, chillout",film|positive|sad
18,2,track_0840599,track_1199060,0,0.6651780009269714,"A short film scene showing a bright outdoor scene where the character starts to feel hopeful. The scene needs background music that feels happy. The musical atmosphere should lean toward poprock, rock. The music should work as emotional underscore without overpowering dialogue. The pacing should feel medium, and the emotional tension is low.",happy,"mood/theme: dramatic, energetic, melancholic, sad; genre: electronic, rock, soundtrack",dramatic|energetic|melancholic|sad
18,3,track_0840599,track_1121404,0,0.6617341041564941,"A short film scene showing a bright outdoor scene where the character starts to feel hopeful. The scene needs background music that feels happy. The musical atmosphere should lean toward poprock, rock. The music should work as emotional underscore without overpowering dialogue. The pacing should feel medium, and the emotional tension is low.",happy,"mood/theme: film, hopeful; genre: instrumentalpop, pop, poprock",film|hopeful
18,4,track_0840599,track_1173501,0,0.6600021123886108,"A short film scene showing a bright outdoor scene where the character starts to feel hopeful. The scene needs background music that feels happy. The musical atmosphere should lean toward poprock, rock. The music should work as emotional underscore without overpowering dialogue. The pacing should feel medium, and the emotional tension is low.",happy,"mood/theme: movie; genre: ambient, atmospheric, soundtrack",movie
18,5,track_0840599,track_1173497,0,0.6600021123886108,"A short film scene showing a bright outdoor scene where the character starts to feel hopeful. The scene needs background music that feels happy. The musical atmosphere should lean toward poprock, rock. The music should work as emotional underscore without overpowering dialogue. The pacing should feel medium, and the emotional tension is low.",happy,"mood/theme: movie; genre: ambient, atmospheric, soundtrack",movie
19,1,track_0625211,track_0667860,0,0.6438874006271362,"A short film scene showing a person looking at old photos and remembering the past. The scene needs background music that feels relaxing. The musical atmosphere should lean toward jazz. The music should work as emotional underscore without overpowering dialogue. The pacing should feel slow, and the emotional tension is low.",relaxing,"mood/theme: sad; genre: classical, jazz, soundtrack",sad
19,2,track_0625211,track_1310106,0,0.6397873163223267,"A short film scene showing a person looking at old photos and remembering the past. The scene needs background music that feels relaxing. The musical atmosphere should lean toward jazz. The music should work as emotional underscore without overpowering dialogue. The pacing should feel slow, and the emotional tension is low.",relaxing,"mood/theme: film, positive, sad; genre: ambient, atmospheric, chillout",film|positive|sad
19,3,track_0625211,track_1305095,0,0.6366384029388428,"A short film scene showing a person looking at old photos and remembering the past. The scene needs background music that feels relaxing. The musical atmosphere should lean toward jazz. The music should work as emotional underscore without overpowering dialogue. The pacing should feel slow, and the emotional tension is low.",relaxing,"mood/theme: drama, emotional, film, romantic, sad; genre: jazz, singersongwriter, soundtrack",drama|emotional|film|romantic|sad
19,4,track_0625211,track_0625211,1,0.6277637481689453,"A short film scene showing a person looking at old photos and remembering the past. The scene needs background music that feels relaxing. The musical atmosphere should lean toward jazz. The music should work as emotional underscore without overpowering dialogue. The pacing should feel slow, and the emotional tension is low.",relaxing,mood/theme: relaxing; genre: jazz,relaxing
19,5,track_0625211,track_0121153,0,0.6270174384117126,"A short film scene showing a person looking at old photos and remembering the past. The scene needs background music that feels relaxing. The musical atmosphere should lean toward jazz. The music should work as emotional underscore without overpowering dialogue. The pacing should feel slow, and the emotional tension is low.",relaxing,"mood/theme: film, sad; genre: ambient",film|sad
